skill_id,canonical_skill_key,is_untagged,tag_count,original_tag_ids,question_count
1,<UNTAGGED>,True,0,[],797
2,1;2;179;181,False,4,"[1,2,179,181]",4
3,1;2;179;183,False,4,"[1,2,179,183]",1
4,1;2;179;184,False,4,"[1,2,179,184]",3
5,1;2;181,False,3,"[1,2,181]",2
6,1;2;182,False,3,"[1,2,182]",11
7,1;2;183,False,3,"[1,2,183]",6
8,1;2;184,False,3,"[1,2,184]",3
9,1;2;185,False,3,"[1,2,185]",6
10,2;3;179;181,False,4,"[2,3,179,181]",1
11,2;3;179;182,False,4,"[2,3,179,182]",2
12,2;3;181,False,3,"[2,3,181]",6
13,2;3;182,False,3,"[2,3,182]",3
14,2;3;183,False,3,"[2,3,183]",2
15,2;3;184,False,3,"[2,3,184]",3
16,2;3;185,False,3,"[2,3,185]",1
17,2;4;179;182,False,4,"[2,4,179,182]",2
18,2;4;179;183,False,4,"[2,4,179,183]",4
19,2;4;181,False,3,"[2,4,181]",7
20,2;4;182,False,3,"[2,4,182]",9
21,2;4;183,False,3,"[2,4,183]",11
22,2;4;184,False,3,"[2,4,184]",8
23,2;4;185,False,3,"[2,4,185]",1
24,2;5;179;181,False,4,"[2,5,179,181]",2
25,2;5;179;182,False,4,"[2,5,179,182]",5
26,2;5;179;183,False,4,"[2,5,179,183]",3
27,2;5;179;184,False,4,"[2,5,179,184]",5
28,2;5;181,False,3,"[2,5,181]",11
29,2;5;182,False,3,"[2,5,182]",8
30,2;5;183,False,3,"[2,5,183]",6
31,2;5;184,False,3,"[2,5,184]",4
32,2;8;179;181,False,4,"[2,8,179,181]",3
33,2;8;179;182,False,4,"[2,8,179,182]",2
34,2;8;179;183,False,4,"[2,8,179,183]",2
35,2;8;181,False,3,"[2,8,181]",14
36,2;8;182,False,3,"[2,8,182]",12
37,2;8;183,False,3,"[2,8,183]",10
38,2;8;184,False,3,"[2,8,184]",9
39,2;8;185,False,3,"[2,8,185]",4
40,2;9;179;181,False,4,"[2,9,179,181]",4
41,2;9;179;182,False,4,"[2,9,179,182]",2
42,2;9;179;184,False,4,"[2,9,179,184]",2
43,2;9;181,False,3,"[2,9,181]",8
44,2;9;182,False,3,"[2,9,182]",7
45,2;9;183,False,3,"[2,9,183]",10
46,2;9;184,False,3,"[2,9,184]",7
47,2;9;185,False,3,"[2,9,185]",2
48,2;12;179;182,False,4,"[2,12,179,182]",2
49,2;12;179;184,False,4,"[2,12,179,184]",1
50,2;12;181,False,3,"[2,12,181]",2
51,2;12;182,False,3,"[2,12,182]",5
52,2;12;183,False,3,"[2,12,183]",5
53,2;12;184,False,3,"[2,12,184]",2
54,2;12;185,False,3,"[2,12,185]",3
55,2;13;179;181,False,4,"[2,13,179,181]",1
56,2;13;179;182,False,4,"[2,13,179,182]",1
57,2;13;179;183,False,4,"[2,13,179,183]",2
58,2;13;179;184,False,4,"[2,13,179,184]",1
59,2;13;181,False,3,"[2,13,181]",6
60,2;13;183,False,3,"[2,13,183]",2
61,2;13;184,False,3,"[2,13,184]",3
62,2;13;185,False,3,"[2,13,185]",1
63,2;14;179;181,False,4,"[2,14,179,181]",1
64,2;14;179;182,False,4,"[2,14,179,182]",5
65,2;14;179;183,False,4,"[2,14,179,183]",1
66,2;14;181,False,3,"[2,14,181]",7
67,2;14;182,False,3,"[2,14,182]",7
68,2;14;183,False,3,"[2,14,183]",9
69,2;14;184,False,3,"[2,14,184]",3
70,2;14;185,False,3,"[2,14,185]",1
71,2;15;179;181,False,4,"[2,15,179,181]",1
72,2;15;179;182,False,4,"[2,15,179,182]",2
73,2;15;179;183,False,4,"[2,15,179,183]",1
74,2;15;181,False,3,"[2,15,181]",6
75,2;15;182,False,3,"[2,15,182]",3
76,2;15;183,False,3,"[2,15,183]",4
77,2;15;184,False,3,"[2,15,184]",2
78,2;15;185,False,3,"[2,15,185]",3
79,2;16;179;181,False,4,"[2,16,179,181]",4
80,2;16;179;182,False,4,"[2,16,179,182]",1
81,2;16;179;183,False,4,"[2,16,179,183]",1
82,2;16;181,False,3,"[2,16,181]",5
83,2;16;182,False,3,"[2,16,182]",2
84,2;16;183,False,3,"[2,16,183]",8
85,2;16;184,False,3,"[2,16,184]",2
86,2;16;185,False,3,"[2,16,185]",1
87,2;19;181,False,3,"[2,19,181]",5
88,2;19;182,False,3,"[2,19,182]",6
89,2;19;183,False,3,"[2,19,183]",4
90,2;19;184,False,3,"[2,19,184]",7
91,2;19;185,False,3,"[2,19,185]",1
92,2;22;179;182,False,4,"[2,22,179,182]",1
93,2;22;179;183,False,4,"[2,22,179,183]",1
94,2;22;181,False,3,"[2,22,181]",7
95,2;22;182,False,3,"[2,22,182]",4
96,2;22;183,False,3,"[2,22,183]",8
97,2;22;184,False,3,"[2,22,184]",6
98,2;22;185,False,3,"[2,22,185]",3
99,2;180;181,False,3,"[2,180,181]",1
100,2;180;182,False,3,"[2,180,182]",2
101,2;180;183,False,3,"[2,180,183]",5
102,2;180;184,False,3,"[2,180,184]",2
103,6;7;179;181,False,4,"[6,7,179,181]",1
104,6;7;179;182,False,4,"[6,7,179,182]",3
105,6;7;179;183,False,4,"[6,7,179,183]",3
106,6;7;181,False,3,"[6,7,181]",18
107,6;7;182,False,3,"[6,7,182]",16
108,6;7;183,False,3,"[6,7,183]",22
109,6;7;184,False,3,"[6,7,184]",19
110,6;7;185,False,3,"[6,7,185]",5
111,7;10;179;181,False,4,"[7,10,179,181]",1
112,7;10;179;182,False,4,"[7,10,179,182]",2
113,7;10;179;183,False,4,"[7,10,179,183]",3
114,7;10;181,False,3,"[7,10,181]",10
115,7;10;182,False,3,"[7,10,182]",6
116,7;10;183,False,3,"[7,10,183]",4
117,7;10;184,False,3,"[7,10,184]",4
118,7;10;185,False,3,"[7,10,185]",2
119,7;11;179;183,False,4,"[7,11,179,183]",1
120,7;11;181,False,3,"[7,11,181]",8
121,7;11;182,False,3,"[7,11,182]",3
122,7;11;183,False,3,"[7,11,183]",10
123,7;11;184,False,3,"[7,11,184]",2
124,7;12;183,False,3,"[7,12,183]",1
125,7;17;179;182,False,4,"[7,17,179,182]",2
126,7;17;179;183,False,4,"[7,17,179,183]",1
127,7;17;179;184,False,4,"[7,17,179,184]",1
128,7;17;181,False,3,"[7,17,181]",5
129,7;17;182,False,3,"[7,17,182]",8
130,7;17;183,False,3,"[7,17,183]",10
131,7;17;184,False,3,"[7,17,184]",3
132,7;17;185,False,3,"[7,17,185]",1
133,7;18;179;182,False,4,"[7,18,179,182]",1
134,7;18;179;183,False,4,"[7,18,179,183]",1
135,7;18;181,False,3,"[7,18,181]",10
136,7;18;182,False,3,"[7,18,182]",3
137,7;18;183,False,3,"[7,18,183]",5
138,7;18;184,False,3,"[7,18,184]",4
139,7;18;185,False,3,"[7,18,185]",2
140,20;21;179;183,False,4,"[20,21,179,183]",2
141,20;21;179;184,False,4,"[20,21,179,184]",3
142,20;21;181,False,3,"[20,21,181]",6
143,20;21;182,False,3,"[20,21,182]",3
144,20;21;183,False,3,"[20,21,183]",1
145,20;21;184,False,3,"[20,21,184]",2
146,20;21;185,False,3,"[20,21,185]",6
147,23;24;25;179;181;182,False,6,"[23,24,25,179,181,182]",1
148,23;24;25;179;181;185,False,6,"[23,24,25,179,181,185]",1
149,23;24;25;179;183;185,False,6,"[23,24,25,179,183,185]",2
150,23;24;25;181;182,False,5,"[23,24,25,181,182]",2
151,23;24;25;181;183,False,5,"[23,24,25,181,183]",10
152,23;24;25;181;184,False,5,"[23,24,25,181,184]",3
153,23;24;25;181;185,False,5,"[23,24,25,181,185]",3
154,23;24;25;182;183,False,5,"[23,24,25,182,183]",2
155,23;24;25;182;184,False,5,"[23,24,25,182,184]",2
156,23;24;25;183;184,False,5,"[23,24,25,183,184]",2
157,23;24;25;183;185,False,5,"[23,24,25,183,185]",2
158,23;24;33;179;183;185,False,6,"[23,24,33,179,183,185]",1
159,23;24;33;181;182,False,5,"[23,24,33,181,182]",3
160,23;24;33;181;183,False,5,"[23,24,33,181,183]",4
161,23;24;33;181;184,False,5,"[23,24,33,181,184]",2
162,23;24;33;181;185,False,5,"[23,24,33,181,185]",3
163,23;24;33;182;184,False,5,"[23,24,33,182,184]",2
164,23;24;33;183;184,False,5,"[23,24,33,183,184]",1
165,23;24;33;183;185,False,5,"[23,24,33,183,185]",1
166,23;24;33;184;185,False,5,"[23,24,33,184,185]",1
167,23;28;47;179;181;183,False,6,"[23,28,47,179,181,183]",1
168,23;46;47;181;185,False,5,"[23,46,47,181,185]",1
169,24;25;27;179;182;184,False,6,"[24,25,27,179,182,184]",1
170,24;25;27;181;183,False,5,"[24,25,27,181,183]",1
171,24;25;27;181;184,False,5,"[24,25,27,181,184]",1
172,24;25;27;183;184,False,5,"[24,25,27,183,184]",1
173,24;25;27;183;185,False,5,"[24,25,27,183,185]",1
174,24;25;30;181;182,False,5,"[24,25,30,181,182]",1
175,24;25;30;181;183,False,5,"[24,25,30,181,183]",1
176,24;25;30;181;185,False,5,"[24,25,30,181,185]",2
177,24;25;30;182;183,False,5,"[24,25,30,182,183]",1
178,24;25;179;181;183,False,5,"[24,25,179,181,183]",2
179,24;25;181;182,False,4,"[24,25,181,182]",11
180,24;25;181;183,False,4,"[24,25,181,183]",7
181,24;25;181;184,False,4,"[24,25,181,184]",10
182,24;25;181;185,False,4,"[24,25,181,185]",3
183,24;25;182;183,False,4,"[24,25,182,183]",17
184,24;25;182;184,False,4,"[24,25,182,184]",2
185,24;25;183;184,False,4,"[24,25,183,184]",9
186,24;25;183;185,False,4,"[24,25,183,185]",4
187,24;26;27;179;181;184,False,6,"[24,26,27,179,181,184]",1
188,24;26;27;181;183,False,5,"[24,26,27,181,183]",3
189,24;26;27;181;185,False,5,"[24,26,27,181,185]",3
190,24;26;27;182;183,False,5,"[24,26,27,182,183]",2
191,24;26;27;182;184,False,5,"[24,26,27,182,184]",1
192,24;26;27;183;184,False,5,"[24,26,27,183,184]",1
193,24;26;27;183;185,False,5,"[24,26,27,183,185]",3
194,24;26;30;181;183,False,5,"[24,26,30,181,183]",3
195,24;26;30;182;183,False,5,"[24,26,30,182,183]",1
196,24;26;51;181;183,False,5,"[24,26,51,181,183]",1
197,24;26;51;181;185,False,5,"[24,26,51,181,185]",1
198,24;26;51;182;183,False,5,"[24,26,51,182,183]",1
199,24;26;179;181;185,False,5,"[24,26,179,181,185]",1
200,24;26;181;182,False,4,"[24,26,181,182]",19
201,24;26;181;183,False,4,"[24,26,181,183]",6
202,24;26;181;184,False,4,"[24,26,181,184]",13
203,24;26;181;185,False,4,"[24,26,181,185]",3
204,24;26;182;183,False,4,"[24,26,182,183]",17
205,24;26;182;184,False,4,"[24,26,182,184]",7
206,24;26;183;184,False,4,"[24,26,183,184]",11
207,24;26;183;185,False,4,"[24,26,183,185]",10
208,24;26;184;185,False,4,"[24,26,184,185]",4
209,24;27;33;182;183,False,5,"[24,27,33,182,183]",2
210,24;27;40;181;182,False,5,"[24,27,40,181,182]",1
211,24;27;40;181;183,False,5,"[24,27,40,181,183]",2
212,24;27;40;181;184,False,5,"[24,27,40,181,184]",1
213,24;27;40;183;185,False,5,"[24,27,40,183,185]",2
214,24;27;41;179;181;185,False,6,"[24,27,41,179,181,185]",1
215,24;27;41;181;182,False,5,"[24,27,41,181,182]",1
216,24;27;41;181;183,False,5,"[24,27,41,181,183]",1
217,24;27;41;181;185,False,5,"[24,27,41,181,185]",1
218,24;27;43;181;182,False,5,"[24,27,43,181,182]",1
219,24;27;43;181;184,False,5,"[24,27,43,181,184]",1
220,24;27;43;183;185,False,5,"[24,27,43,183,185]",2
221,24;27;48;181;182,False,5,"[24,27,48,181,182]",1
222,24;27;48;183;184,False,5,"[24,27,48,183,184]",1
223,24;27;50;183;185,False,5,"[24,27,50,183,185]",1
224,24;30;33;181;183,False,5,"[24,30,33,181,183]",1
225,24;30;33;181;184,False,5,"[24,30,33,181,184]",2
226,24;30;33;181;185,False,5,"[24,30,33,181,185]",2
227,24;30;33;183;185,False,5,"[24,30,33,183,185]",2
228,24;30;40;181;183,False,5,"[24,30,40,181,183]",1
229,24;30;40;181;185,False,5,"[24,30,40,181,185]",1
230,24;30;40;182;183,False,5,"[24,30,40,182,183]",1
231,24;30;40;183;184,False,5,"[24,30,40,183,184]",1
232,24;30;40;183;185,False,5,"[24,30,40,183,185]",1
233,24;30;41;182;183,False,5,"[24,30,41,182,183]",1
234,24;30;41;183;184,False,5,"[24,30,41,183,184]",1
235,24;30;43;182;183,False,5,"[24,30,43,182,183]",1
236,24;30;43;182;184,False,5,"[24,30,43,182,184]",1
237,24;30;43;183;184,False,5,"[24,30,43,183,184]",1
238,24;30;43;183;185,False,5,"[24,30,43,183,185]",1
239,24;30;45;183;184,False,5,"[24,30,45,183,184]",1
240,24;30;48;181;182,False,5,"[24,30,48,181,182]",1
241,24;30;50;183;185,False,5,"[24,30,50,183,185]",2
242,24;33;51;181;182,False,5,"[24,33,51,181,182]",1
243,24;33;51;181;183,False,5,"[24,33,51,181,183]",2
244,24;33;51;181;185,False,5,"[24,33,51,181,185]",1
245,24;33;51;182;183,False,5,"[24,33,51,182,183]",1
246,24;33;179;181;183,False,5,"[24,33,179,181,183]",2
247,24;33;181;182,False,4,"[24,33,181,182]",17
248,24;33;181;183,False,4,"[24,33,181,183]",7
249,24;33;181;184,False,4,"[24,33,181,184]",10
250,24;33;181;185,False,4,"[24,33,181,185]",4
251,24;33;182;183,False,4,"[24,33,182,183]",17
252,24;33;182;184,False,4,"[24,33,182,184]",4
253,24;33;183;184,False,4,"[24,33,183,184]",5
254,24;33;183;185,False,4,"[24,33,183,185]",5
255,24;33;184;185,False,4,"[24,33,184,185]",2
256,24;40;179;181;183,False,5,"[24,40,179,181,183]",1
257,24;40;179;182;183,False,5,"[24,40,179,182,183]",1
258,24;40;181;182,False,4,"[24,40,181,182]",24
259,24;40;181;183,False,4,"[24,40,181,183]",12
260,24;40;181;184,False,4,"[24,40,181,184]",18
261,24;40;181;185,False,4,"[24,40,181,185]",17
262,24;40;182;183,False,4,"[24,40,182,183]",12
263,24;40;182;184,False,4,"[24,40,182,184]",10
264,24;40;183;184,False,4,"[24,40,183,184]",5
265,24;40;183;185,False,4,"[24,40,183,185]",9
266,24;40;184;185,False,4,"[24,40,184,185]",1
267,24;41;179;181;184,False,5,"[24,41,179,181,184]",1
268,24;41;179;183;185,False,5,"[24,41,179,183,185]",1
269,24;41;181;182,False,4,"[24,41,181,182]",13
270,24;41;181;183,False,4,"[24,41,181,183]",5
271,24;41;181;184,False,4,"[24,41,181,184]",7
272,24;41;181;185,False,4,"[24,41,181,185]",10
273,24;41;182;183,False,4,"[24,41,182,183]",8
274,24;41;182;184,False,4,"[24,41,182,184]",2
275,24;41;183;184,False,4,"[24,41,183,184]",6
276,24;41;183;185,False,4,"[24,41,183,185]",5
277,24;41;184;185,False,4,"[24,41,184,185]",1
278,24;43;179;182;184,False,5,"[24,43,179,182,184]",1
279,24;43;179;183;185,False,5,"[24,43,179,183,185]",1
280,24;43;181;182,False,4,"[24,43,181,182]",18
281,24;43;181;183,False,4,"[24,43,181,183]",7
282,24;43;181;184,False,4,"[24,43,181,184]",19
283,24;43;181;185,False,4,"[24,43,181,185]",5
284,24;43;182;183,False,4,"[24,43,182,183]",19
285,24;43;182;184,False,4,"[24,43,182,184]",6
286,24;43;183;184,False,4,"[24,43,183,184]",6
287,24;43;183;185,False,4,"[24,43,183,185]",7
288,24;43;184;185,False,4,"[24,43,184,185]",2
289,24;45;179;181;184,False,5,"[24,45,179,181,184]",1
290,24;48;179;181;183,False,5,"[24,48,179,181,183]",1
291,24;48;179;183;184,False,5,"[24,48,179,183,184]",1
292,24;48;181;182,False,4,"[24,48,181,182]",7
293,24;48;181;183,False,4,"[24,48,181,183]",6
294,24;48;181;184,False,4,"[24,48,181,184]",7
295,24;48;181;185,False,4,"[24,48,181,185]",4
296,24;48;182;183,False,4,"[24,48,182,183]",5
297,24;48;182;184,False,4,"[24,48,182,184]",3
298,24;48;183;184,False,4,"[24,48,183,184]",4
299,24;48;183;185,False,4,"[24,48,183,185]",1
300,24;50;179;181;183,False,5,"[24,50,179,181,183]",1
301,24;50;179;183;184,False,5,"[24,50,179,183,184]",1
302,24;50;181;182,False,4,"[24,50,181,182]",6
303,24;50;181;183,False,4,"[24,50,181,183]",5
304,24;50;181;184,False,4,"[24,50,181,184]",12
305,24;50;181;185,False,4,"[24,50,181,185]",3
306,24;50;182;183,False,4,"[24,50,182,183]",12
307,24;50;182;184,False,4,"[24,50,182,184]",5
308,24;50;183;184,False,4,"[24,50,183,184]",5
309,24;50;183;185,False,4,"[24,50,183,185]",3
310,24;50;184;185,False,4,"[24,50,184,185]",5
311,27;28;29;179;181;184,False,6,"[27,28,29,179,181,184]",1
312,27;28;29;181;184,False,5,"[27,28,29,181,184]",1
313,27;28;29;183;185,False,5,"[27,28,29,183,185]",1
314,27;28;45;179;181;182,False,6,"[27,28,45,179,181,182]",1
315,27;28;45;181;185,False,5,"[27,28,45,181,185]",1
316,27;28;45;182;184,False,5,"[27,28,45,182,184]",1
317,27;31;32;181;185,False,5,"[27,31,32,181,185]",1
318,27;34;35;181;182,False,5,"[27,34,35,181,182]",1
319,27;34;42;181;183,False,5,"[27,34,42,181,183]",1
320,27;34;42;182;184,False,5,"[27,34,42,182,184]",1
321,27;36;37;181;183,False,5,"[27,36,37,181,183]",2
322,27;36;37;182;183,False,5,"[27,36,37,182,183]",1
323,27;36;37;182;184,False,5,"[27,36,37,182,184]",1
324,27;36;37;183;184,False,5,"[27,36,37,183,184]",2
325,27;37;38;181;182,False,5,"[27,37,38,181,182]",1
326,27;38;39;179;181;184,False,6,"[27,38,39,179,181,184]",1
327,27;38;39;182;183,False,5,"[27,38,39,182,183]",1
328,27;38;39;184;185,False,5,"[27,38,39,184,185]",1
329,27;44;45;179;181;182,False,6,"[27,44,45,179,181,182]",1
330,27;44;45;179;184;185,False,6,"[27,44,45,179,184,185]",1
331,27;44;45;181;183,False,5,"[27,44,45,181,183]",1
332,27;44;45;182;184,False,5,"[27,44,45,182,184]",2
333,27;44;45;183;184,False,5,"[27,44,45,183,184]",1
334,27;44;49;181;184,False,5,"[27,44,49,181,184]",1
335,27;46;47;181;183,False,5,"[27,46,47,181,183]",2
336,27;46;47;182;183,False,5,"[27,46,47,182,183]",1
337,27;46;47;183;184,False,5,"[27,46,47,183,184]",1
338,28;29;30;179;181;184,False,6,"[28,29,30,179,181,184]",1
339,28;29;30;179;182;183,False,6,"[28,29,30,179,182,183]",1
340,28;29;30;179;184;185,False,6,"[28,29,30,179,184,185]",1
341,28;29;30;181;182,False,5,"[28,29,30,181,182]",3
342,28;29;30;181;183,False,5,"[28,29,30,181,183]",1
343,28;29;30;181;184,False,5,"[28,29,30,181,184]",1
344,28;29;30;181;185,False,5,"[28,29,30,181,185]",3
345,28;29;30;182;184,False,5,"[28,29,30,182,184]",2
346,28;29;30;183;184,False,5,"[28,29,30,183,184]",1
347,28;29;30;183;185,False,5,"[28,29,30,183,185]",1
348,28;29;30;184;185,False,5,"[28,29,30,184,185]",3
349,28;29;179;181;184,False,5,"[28,29,179,181,184]",1
350,28;29;179;181;185,False,5,"[28,29,179,181,185]",2
351,28;29;179;182;183,False,5,"[28,29,179,182,183]",1
352,28;29;179;182;184,False,5,"[28,29,179,182,184]",3
353,28;29;179;183;184,False,5,"[28,29,179,183,184]",3
354,28;29;181;182,False,4,"[28,29,181,182]",12
355,28;29;181;183,False,4,"[28,29,181,183]",16
356,28;29;181;184,False,4,"[28,29,181,184]",21
357,28;29;181;185,False,4,"[28,29,181,185]",7
358,28;29;182;183,False,4,"[28,29,182,183]",9
359,28;29;182;184,False,4,"[28,29,182,184]",1
360,28;29;183;184,False,4,"[28,29,183,184]",15
361,28;29;183;185,False,4,"[28,29,183,185]",7
362,28;29;184;185,False,4,"[28,29,184,185]",1
363,28;30;37;181;182,False,5,"[28,30,37,181,182]",1
364,28;30;37;182;184,False,5,"[28,30,37,182,184]",1
365,28;30;37;183;185,False,5,"[28,30,37,183,185]",1
366,28;30;47;179;181;182,False,6,"[28,30,47,179,181,182]",1
367,28;30;49;181;182,False,5,"[28,30,49,181,182]",1
368,28;32;181;183,False,4,"[28,32,181,183]",1
369,28;32;181;184,False,4,"[28,32,181,184]",1
370,28;32;183;185,False,4,"[28,32,183,185]",2
371,28;35;183;184,False,4,"[28,35,183,184]",1
372,28;37;181;183,False,4,"[28,37,181,183]",1
373,28;37;181;184,False,4,"[28,37,181,184]",2
374,28;37;182;183,False,4,"[28,37,182,183]",1
375,28;37;183;184,False,4,"[28,37,183,184]",1
376,28;42;181;183,False,4,"[28,42,181,183]",1
377,28;42;183;185,False,4,"[28,42,183,185]",1
378,28;43;181;183,False,4,"[28,43,181,183]",1
379,28;45;183;184,False,4,"[28,45,183,184]",2
380,30;31;32;179;181;183,False,6,"[30,31,32,179,181,183]",2
381,30;31;32;179;181;185,False,6,"[30,31,32,179,181,185]",2
382,30;31;32;179;182;184,False,6,"[30,31,32,179,182,184]",1
383,30;31;32;179;184;185,False,6,"[30,31,32,179,184,185]",1
384,30;31;32;181;182,False,5,"[30,31,32,181,182]",1
385,30;31;32;181;183,False,5,"[30,31,32,181,183]",3
386,30;31;32;181;184,False,5,"[30,31,32,181,184]",5
387,30;31;32;181;185,False,5,"[30,31,32,181,185]",4
388,30;31;32;182;183,False,5,"[30,31,32,182,183]",3
389,30;31;32;182;184,False,5,"[30,31,32,182,184]",2
390,30;31;32;183;184,False,5,"[30,31,32,183,184]",3
391,30;31;32;183;185,False,5,"[30,31,32,183,185]",2
392,30;31;42;181;182,False,5,"[30,31,42,181,182]",1
393,30;31;42;182;184,False,5,"[30,31,42,182,184]",1
394,30;31;42;183;184,False,5,"[30,31,42,183,184]",2
395,30;31;42;183;185,False,5,"[30,31,42,183,185]",1
396,30;31;49;182;184,False,5,"[30,31,49,182,184]",1
397,30;32;36;182;183,False,5,"[30,32,36,182,183]",1
398,30;32;36;183;185,False,5,"[30,32,36,183,185]",2
399,30;34;35;179;181;184,False,6,"[30,34,35,179,181,184]",1
400,30;34;35;179;182;183,False,6,"[30,34,35,179,182,183]",2
401,30;34;35;179;183;185,False,6,"[30,34,35,179,183,185]",1
402,30;34;35;181;182,False,5,"[30,34,35,181,182]",3
403,30;34;35;181;183,False,5,"[30,34,35,181,183]",3
404,30;34;35;181;184,False,5,"[30,34,35,181,184]",3
405,30;34;35;181;185,False,5,"[30,34,35,181,185]",6
406,30;34;35;182;183,False,5,"[30,34,35,182,183]",6
407,30;34;35;182;184,False,5,"[30,34,35,182,184]",5
408,30;34;35;183;184,False,5,"[30,34,35,183,184]",3
409,30;34;35;183;185,False,5,"[30,34,35,183,185]",3
410,30;34;35;184;185,False,5,"[30,34,35,184,185]",1
411,30;34;42;179;181;185,False,6,"[30,34,42,179,181,185]",1
412,30;34;42;181;182,False,5,"[30,34,42,181,182]",4
413,30;34;42;181;183,False,5,"[30,34,42,181,183]",2
414,30;34;42;181;184,False,5,"[30,34,42,181,184]",3
415,30;34;42;181;185,False,5,"[30,34,42,181,185]",4
416,30;34;42;182;183,False,5,"[30,34,42,182,183]",3
417,30;34;42;183;184,False,5,"[30,34,42,183,184]",2
418,30;34;42;184;185,False,5,"[30,34,42,184,185]",1
419,30;36;37;181;182,False,5,"[30,36,37,181,182]",1
420,30;36;37;181;183,False,5,"[30,36,37,181,183]",3
421,30;36;37;181;184,False,5,"[30,36,37,181,184]",3
422,30;36;37;181;185,False,5,"[30,36,37,181,185]",1
423,30;36;37;182;183,False,5,"[30,36,37,182,183]",1
424,30;36;37;183;184,False,5,"[30,36,37,183,184]",1
425,30;36;37;183;185,False,5,"[30,36,37,183,185]",4
426,30;38;39;179;181;183,False,6,"[30,38,39,179,181,183]",1
427,30;38;39;179;181;184,False,6,"[30,38,39,179,181,184]",1
428,30;38;39;179;182;184,False,6,"[30,38,39,179,182,184]",1
429,30;38;39;179;183;185,False,6,"[30,38,39,179,183,185]",2
430,30;38;39;181;182,False,5,"[30,38,39,181,182]",3
431,30;38;39;181;183,False,5,"[30,38,39,181,183]",2
432,30;38;39;181;184,False,5,"[30,38,39,181,184]",1
433,30;38;39;181;185,False,5,"[30,38,39,181,185]",1
434,30;38;39;182;184,False,5,"[30,38,39,182,184]",3
435,30;38;39;183;184,False,5,"[30,38,39,183,184]",2
436,30;44;45;181;182,False,5,"[30,44,45,181,182]",2
437,30;44;45;181;183,False,5,"[30,44,45,181,183]",1
438,30;44;45;181;184,False,5,"[30,44,45,181,184]",1
439,30;44;45;181;185,False,5,"[30,44,45,181,185]",1
440,30;44;45;182;183,False,5,"[30,44,45,182,183]",1
441,30;44;45;182;184,False,5,"[30,44,45,182,184]",1
442,30;44;45;183;184,False,5,"[30,44,45,183,184]",1
443,30;44;49;181;184,False,5,"[30,44,49,181,184]",1
444,30;44;49;182;183,False,5,"[30,44,49,182,183]",2
445,30;44;49;183;184,False,5,"[30,44,49,183,184]",1
446,30;46;47;179;183;185,False,6,"[30,46,47,179,183,185]",1
447,30;46;47;181;184,False,5,"[30,46,47,181,184]",1
448,31;32;179;181;183,False,5,"[31,32,179,181,183]",1
449,31;32;179;181;184,False,5,"[31,32,179,181,184]",1
450,31;32;179;181;185,False,5,"[31,32,179,181,185]",1
451,31;32;179;182;184,False,5,"[31,32,179,182,184]",1
452,31;32;179;183;184,False,5,"[31,32,179,183,184]",1
453,31;32;179;183;185,False,5,"[31,32,179,183,185]",5
454,31;32;181;182,False,4,"[31,32,181,182]",14
455,31;32;181;183,False,4,"[31,32,181,183]",10
456,31;32;181;184,False,4,"[31,32,181,184]",17
457,31;32;181;185,False,4,"[31,32,181,185]",12
458,31;32;182;183,False,4,"[31,32,182,183]",23
459,31;32;182;184,False,4,"[31,32,182,184]",10
460,31;32;183;184,False,4,"[31,32,183,184]",34
461,31;32;183;185,False,4,"[31,32,183,185]",28
462,31;32;184;185,False,4,"[31,32,184,185]",5
463,31;37;182;184,False,4,"[31,37,182,184]",1
464,31;42;181;183,False,4,"[31,42,181,183]",3
465,31;42;181;185,False,4,"[31,42,181,185]",1
466,31;42;182;183,False,4,"[31,42,182,183]",1
467,31;42;183;184,False,4,"[31,42,183,184]",2
468,31;42;183;185,False,4,"[31,42,183,185]",2
469,31;45;179;182;183,False,5,"[31,45,179,182,183]",1
470,31;45;181;183,False,4,"[31,45,181,183]",1
471,31;45;182;184,False,4,"[31,45,182,184]",1
472,31;49;183;184,False,4,"[31,49,183,184]",2
473,32;34;181;182,False,4,"[32,34,181,182]",1
474,32;36;181;182,False,4,"[32,36,181,182]",1
475,32;36;181;185,False,4,"[32,36,181,185]",1
476,34;35;179;181;182,False,5,"[34,35,179,181,182]",1
477,34;35;179;181;183,False,5,"[34,35,179,181,183]",2
478,34;35;179;181;184,False,5,"[34,35,179,181,184]",1
479,34;35;179;181;185,False,5,"[34,35,179,181,185]",1
480,34;35;179;182;183,False,5,"[34,35,179,182,183]",1
481,34;35;179;182;184,False,5,"[34,35,179,182,184]",2
482,34;35;179;183;184,False,5,"[34,35,179,183,184]",2
483,34;35;179;183;185,False,5,"[34,35,179,183,185]",2
484,34;35;181;182,False,4,"[34,35,181,182]",2
485,34;35;181;183,False,4,"[34,35,181,183]",9
486,34;35;181;184,False,4,"[34,35,181,184]",15
487,34;35;181;185,False,4,"[34,35,181,185]",5
488,34;35;182;183,False,4,"[34,35,182,183]",19
489,34;35;182;184,False,4,"[34,35,182,184]",7
490,34;35;183;184,False,4,"[34,35,183,184]",16
491,34;35;183;185,False,4,"[34,35,183,185]",4
492,34;35;184;185,False,4,"[34,35,184,185]",4
493,34;42;179;181;183,False,5,"[34,42,179,181,183]",2
494,34;42;179;181;184,False,5,"[34,42,179,181,184]",1
495,34;42;179;181;185,False,5,"[34,42,179,181,185]",2
496,34;42;179;182;183,False,5,"[34,42,179,182,183]",3
497,34;42;179;183;185,False,5,"[34,42,179,183,185]",1
498,34;42;181;182,False,4,"[34,42,181,182]",5
499,34;42;181;183,False,4,"[34,42,181,183]",2
500,34;42;181;184,False,4,"[34,42,181,184]",6
501,34;42;181;185,False,4,"[34,42,181,185]",4
502,34;42;182;183,False,4,"[34,42,182,183]",12
503,34;42;182;184,False,4,"[34,42,182,184]",3
504,34;42;183;184,False,4,"[34,42,183,184]",10
505,34;42;183;185,False,4,"[34,42,183,185]",4
506,36;37;179;182;183,False,5,"[36,37,179,182,183]",1
507,36;37;179;183;185,False,5,"[36,37,179,183,185]",1
508,36;37;181;182,False,4,"[36,37,181,182]",7
509,36;37;181;183,False,4,"[36,37,181,183]",12
510,36;37;181;184,False,4,"[36,37,181,184]",13
511,36;37;181;185,False,4,"[36,37,181,185]",6
512,36;37;182;183,False,4,"[36,37,182,183]",12
513,36;37;182;184,False,4,"[36,37,182,184]",4
514,36;37;183;184,False,4,"[36,37,183,184]",23
515,36;37;183;185,False,4,"[36,37,183,185]",5
516,36;37;184;185,False,4,"[36,37,184,185]",1
517,37;38;181;182,False,4,"[37,38,181,182]",1
518,37;38;181;184,False,4,"[37,38,181,184]",1
519,37;38;182;183,False,4,"[37,38,182,183]",1
520,37;38;182;184,False,4,"[37,38,182,184]",1
521,38;39;179;181;182,False,5,"[38,39,179,181,182]",1
522,38;39;179;181;183,False,5,"[38,39,179,181,183]",2
523,38;39;179;181;184,False,5,"[38,39,179,181,184]",1
524,38;39;179;181;185,False,5,"[38,39,179,181,185]",2
525,38;39;179;182;184,False,5,"[38,39,179,182,184]",2
526,38;39;179;183;185,False,5,"[38,39,179,183,185]",1
527,38;39;181;182,False,4,"[38,39,181,182]",10
528,38;39;181;183,False,4,"[38,39,181,183]",7
529,38;39;181;184,False,4,"[38,39,181,184]",14
530,38;39;181;185,False,4,"[38,39,181,185]",6
531,38;39;182;183,False,4,"[38,39,182,183]",14
532,38;39;182;184,False,4,"[38,39,182,184]",4
533,38;39;183;184,False,4,"[38,39,183,184]",6
534,38;39;183;185,False,4,"[38,39,183,185]",8
535,38;39;184;185,False,4,"[38,39,184,185]",1
536,39;46;179;181;183,False,5,"[39,46,179,181,183]",1
537,44;45;179;181;183,False,5,"[44,45,179,181,183]",2
538,44;45;179;181;184,False,5,"[44,45,179,181,184]",2
539,44;45;179;181;185,False,5,"[44,45,179,181,185]",1
540,44;45;179;182;183,False,5,"[44,45,179,182,183]",1
541,44;45;179;183;185,False,5,"[44,45,179,183,185]",3
542,44;45;181;182,False,4,"[44,45,181,182]",8
543,44;45;181;183,False,4,"[44,45,181,183]",7
544,44;45;181;184,False,4,"[44,45,181,184]",16
545,44;45;181;185,False,4,"[44,45,181,185]",5
546,44;45;182;183,False,4,"[44,45,182,183]",7
547,44;45;182;184,False,4,"[44,45,182,184]",4
548,44;45;183;184,False,4,"[44,45,183,184]",19
549,44;45;183;185,False,4,"[44,45,183,185]",10
550,44;45;184;185,False,4,"[44,45,184,185]",3
551,44;49;179;181;183,False,5,"[44,49,179,181,183]",1
552,44;49;179;183;185,False,5,"[44,49,179,183,185]",1
553,44;49;181;185,False,4,"[44,49,181,185]",3
554,44;49;183;184,False,4,"[44,49,183,184]",2
555,44;49;183;185,False,4,"[44,49,183,185]",1
556,46;47;179;181;182,False,5,"[46,47,179,181,182]",1
557,46;47;179;181;183,False,5,"[46,47,179,181,183]",3
558,46;47;179;181;185,False,5,"[46,47,179,181,185]",1
559,46;47;179;182;183,False,5,"[46,47,179,182,183]",1
560,46;47;181;182,False,4,"[46,47,181,182]",8
561,46;47;181;183,False,4,"[46,47,181,183]",1
562,46;47;181;184,False,4,"[46,47,181,184]",4
563,46;47;182;183,False,4,"[46,47,182,183]",1
564,46;47;182;184,False,4,"[46,47,182,184]",3
565,46;47;183;184,False,4,"[46,47,183,184]",2
566,46;47;183;185,False,4,"[46,47,183,185]",4
567,46;47;184;185,False,4,"[46,47,184,185]",1
568,52;59;179;182,False,4,"[52,59,179,182]",1
569,52;59;179;183,False,4,"[52,59,179,183]",1
570,52;59;179;184,False,4,"[52,59,179,184]",1
571,52;59;179;185,False,4,"[52,59,179,185]",1
572,52;59;181,False,3,"[52,59,181]",19
573,52;59;182,False,3,"[52,59,182]",31
574,52;59;183,False,3,"[52,59,183]",19
575,52;59;184,False,3,"[52,59,184]",14
576,52;59;185,False,3,"[52,59,185]",6
577,52;60;179;182,False,4,"[52,60,179,182]",1
578,52;60;179;183,False,4,"[52,60,179,183]",3
579,52;60;179;184,False,4,"[52,60,179,184]",1
580,52;60;179;185,False,4,"[52,60,179,185]",1
581,52;60;181,False,3,"[52,60,181]",11
582,52;60;182,False,3,"[52,60,182]",11
583,52;60;183,False,3,"[52,60,183]",11
584,52;60;184,False,3,"[52,60,184]",5
585,52;60;185,False,3,"[52,60,185]",3
586,52;61;179;181,False,4,"[52,61,179,181]",1
587,52;61;179;183,False,4,"[52,61,179,183]",1
588,52;61;181,False,3,"[52,61,181]",1
589,52;61;182,False,3,"[52,61,182]",1
590,52;61;183,False,3,"[52,61,183]",1
591,52;62;179;182,False,4,"[52,62,179,182]",2
592,52;62;179;183,False,4,"[52,62,179,183]",1
593,52;62;179;184,False,4,"[52,62,179,184]",1
594,52;62;182,False,3,"[52,62,182]",1
595,52;63;179;181,False,4,"[52,63,179,181]",5
596,52;63;179;182,False,4,"[52,63,179,182]",5
597,52;63;179;183,False,4,"[52,63,179,183]",5
598,52;63;179;184,False,4,"[52,63,179,184]",2
599,52;63;179;185,False,4,"[52,63,179,185]",3
600,52;63;181,False,3,"[52,63,181]",10
601,52;63;182,False,3,"[52,63,182]",11
602,52;63;183,False,3,"[52,63,183]",6
603,52;63;184,False,3,"[52,63,184]",5
604,52;63;185,False,3,"[52,63,185]",1
605,52;64;179;181,False,4,"[52,64,179,181]",1
606,52;64;179;182,False,4,"[52,64,179,182]",3
607,52;64;179;183,False,4,"[52,64,179,183]",3
608,52;64;179;184,False,4,"[52,64,179,184]",2
609,52;64;179;185,False,4,"[52,64,179,185]",2
610,52;64;181,False,3,"[52,64,181]",5
611,52;64;182,False,3,"[52,64,182]",10
612,52;64;183,False,3,"[52,64,183]",7
613,52;64;184,False,3,"[52,64,184]",7
614,52;64;185,False,3,"[52,64,185]",3
615,52;65;179;184,False,4,"[52,65,179,184]",5
616,52;65;181,False,3,"[52,65,181]",3
617,52;65;185,False,3,"[52,65,185]",1
618,52;66;179;181,False,4,"[52,66,179,181]",2
619,52;66;179;183,False,4,"[52,66,179,183]",1
620,52;66;179;184,False,4,"[52,66,179,184]",2
621,52;66;179;185,False,4,"[52,66,179,185]",4
622,52;66;181,False,3,"[52,66,181]",2
623,52;66;182,False,3,"[52,66,182]",9
624,52;66;183,False,3,"[52,66,183]",5
625,52;67;179;181,False,4,"[52,67,179,181]",2
626,52;67;179;182,False,4,"[52,67,179,182]",3
627,52;67;179;183,False,4,"[52,67,179,183]",1
628,52;67;182,False,3,"[52,67,182]",9
629,52;67;183,False,3,"[52,67,183]",2
630,52;67;184,False,3,"[52,67,184]",1
631,52;67;185,False,3,"[52,67,185]",3
632,52;68;179;181,False,4,"[52,68,179,181]",1
633,52;68;179;183,False,4,"[52,68,179,183]",1
634,52;68;181,False,3,"[52,68,181]",1
635,52;68;182,False,3,"[52,68,182]",8
636,52;68;183,False,3,"[52,68,183]",1
637,52;68;184,False,3,"[52,68,184]",4
638,52;69;179;184,False,4,"[52,69,179,184]",1
639,52;69;179;185,False,4,"[52,69,179,185]",1
640,52;69;183,False,3,"[52,69,183]",2
641,52;69;184,False,3,"[52,69,184]",2
642,52;70;179;182,False,4,"[52,70,179,182]",2
643,52;70;182,False,3,"[52,70,182]",5
644,52;70;185,False,3,"[52,70,185]",1
645,52;179;181;182,False,4,"[52,179,181,182]",7
646,52;179;181;182;184,False,5,"[52,179,181,182,184]",1
647,52;179;181;184,False,4,"[52,179,181,184]",2
648,52;179;181;185,False,4,"[52,179,181,185]",6
649,52;179;182;183,False,4,"[52,179,182,183]",3
650,52;179;182;184,False,4,"[52,179,182,184]",2
651,52;179;183;184,False,4,"[52,179,183,184]",11
652,52;181;182,False,3,"[52,181,182]",59
653,52;181;182;183,False,4,"[52,181,182,183]",6
654,52;181;182;184,False,4,"[52,181,182,184]",7
655,52;181;183,False,3,"[52,181,183]",4
656,52;181;183;184,False,4,"[52,181,183,184]",7
657,52;181;183;185,False,4,"[52,181,183,185]",5
658,52;181;184,False,3,"[52,181,184]",35
659,52;181;184;185,False,4,"[52,181,184,185]",5
660,52;181;185,False,3,"[52,181,185]",40
661,52;181;194,False,3,"[52,181,194]",6
662,52;181;300,False,3,"[52,181,300]",1
663,52;182;183,False,3,"[52,182,183]",66
664,52;182;183;184,False,4,"[52,182,183,184]",3
665,52;182;194,False,3,"[52,182,194]",6
666,52;182;300,False,3,"[52,182,300]",1
667,52;183;184,False,3,"[52,183,184]",66
668,52;183;184;185,False,4,"[52,183,184,185]",5
669,52;183;185,False,3,"[52,183,185]",24
670,52;183;194,False,3,"[52,183,194]",1
671,52;184;185,False,3,"[52,184,185]",2
672,52;185;186,False,3,"[52,185,186]",1
673,53;59;179;181,False,4,"[53,59,179,181]",1
674,53;59;179;185,False,4,"[53,59,179,185]",1
675,53;59;181,False,3,"[53,59,181]",8
676,53;59;182,False,3,"[53,59,182]",15
677,53;59;183,False,3,"[53,59,183]",7
678,53;59;184,False,3,"[53,59,184]",6
679,53;59;185,False,3,"[53,59,185]",3
680,53;60;179;181,False,4,"[53,60,179,181]",3
681,53;60;179;182,False,4,"[53,60,179,182]",1
682,53;60;179;183,False,4,"[53,60,179,183]",3
683,53;60;179;184,False,4,"[53,60,179,184]",1
684,53;60;179;185,False,4,"[53,60,179,185]",1
685,53;60;181,False,3,"[53,60,181]",12
686,53;60;182,False,3,"[53,60,182]",13
687,53;60;183,False,3,"[53,60,183]",15
688,53;60;184,False,3,"[53,60,184]",5
689,53;60;185,False,3,"[53,60,185]",2
690,53;61;179;181,False,4,"[53,61,179,181]",1
691,53;61;179;182,False,4,"[53,61,179,182]",1
692,53;61;182,False,3,"[53,61,182]",1
693,53;62;183,False,3,"[53,62,183]",1
694,53;63;179;181,False,4,"[53,63,179,181]",1
695,53;63;179;183,False,4,"[53,63,179,183]",2
696,53;63;181,False,3,"[53,63,181]",3
697,53;63;182,False,3,"[53,63,182]",4
698,53;63;183,False,3,"[53,63,183]",3
699,53;63;184,False,3,"[53,63,184]",2
700,53;63;185,False,3,"[53,63,185]",1
701,53;64;179;181,False,4,"[53,64,179,181]",1
702,53;64;179;183,False,4,"[53,64,179,183]",1
703,53;64;179;184,False,4,"[53,64,179,184]",1
704,53;64;179;185,False,4,"[53,64,179,185]",1
705,53;64;181,False,3,"[53,64,181]",4
706,53;64;183,False,3,"[53,64,183]",3
707,53;64;184,False,3,"[53,64,184]",1
708,53;64;185,False,3,"[53,64,185]",1
709,53;65;181,False,3,"[53,65,181]",1
710,53;66;179;181,False,4,"[53,66,179,181]",1
711,53;66;179;183,False,4,"[53,66,179,183]",3
712,53;66;179;185,False,4,"[53,66,179,185]",1
713,53;66;181,False,3,"[53,66,181]",1
714,53;66;182,False,3,"[53,66,182]",4
715,53;66;183,False,3,"[53,66,183]",3
716,53;67;183,False,3,"[53,67,183]",1
717,53;67;185,False,3,"[53,67,185]",1
718,53;68;179;181,False,4,"[53,68,179,181]",1
719,53;68;182,False,3,"[53,68,182]",3
720,53;68;183,False,3,"[53,68,183]",1
721,53;68;184,False,3,"[53,68,184]",2
722,53;69;179;184,False,4,"[53,69,179,184]",1
723,53;69;182,False,3,"[53,69,182]",1
724,53;70;179;183,False,4,"[53,70,179,183]",1
725,53;179;181;182,False,4,"[53,179,181,182]",8
726,53;179;181;184,False,4,"[53,179,181,184]",2
727,53;179;181;185,False,4,"[53,179,181,185]",2
728,53;179;182;183,False,4,"[53,179,182,183]",1
729,53;179;183;184,False,4,"[53,179,183,184]",4
730,53;179;183;184;185,False,5,"[53,179,183,184,185]",1
731,53;179;183;185,False,4,"[53,179,183,185]",2
732,53;181;182,False,3,"[53,181,182]",50
733,53;181;182;183,False,4,"[53,181,182,183]",3
734,53;181;182;184,False,4,"[53,181,182,184]",1
735,53;181;183,False,3,"[53,181,183]",4
736,53;181;183;184,False,4,"[53,181,183,184]",4
737,53;181;183;185,False,4,"[53,181,183,185]",4
738,53;181;184,False,3,"[53,181,184]",28
739,53;181;184;185,False,4,"[53,181,184,185]",1
740,53;181;185,False,3,"[53,181,185]",22
741,53;181;194,False,3,"[53,181,194]",2
742,53;182;183,False,3,"[53,182,183]",55
743,53;182;183;184,False,4,"[53,182,183,184]",3
744,53;182;184,False,3,"[53,182,184]",1
745,53;182;194,False,3,"[53,182,194]",3
746,53;183;184,False,3,"[53,183,184]",36
747,53;183;184;185,False,4,"[53,183,184,185]",4
748,53;183;185,False,3,"[53,183,185]",20
749,53;183;194,False,3,"[53,183,194]",3
750,53;184;185,False,3,"[53,184,185]",1
751,54;59;179;181,False,4,"[54,59,179,181]",4
752,54;59;179;183,False,4,"[54,59,179,183]",1
753,54;59;179;185,False,4,"[54,59,179,185]",1
754,54;59;181,False,3,"[54,59,181]",11
755,54;59;182,False,3,"[54,59,182]",17
756,54;59;183,False,3,"[54,59,183]",8
757,54;59;184,False,3,"[54,59,184]",6
758,54;59;185,False,3,"[54,59,185]",4
759,54;60;179;181,False,4,"[54,60,179,181]",2
760,54;60;179;183,False,4,"[54,60,179,183]",2
761,54;60;179;184,False,4,"[54,60,179,184]",4
762,54;60;181,False,3,"[54,60,181]",14
763,54;60;182,False,3,"[54,60,182]",22
764,54;60;183,False,3,"[54,60,183]",10
765,54;60;184,False,3,"[54,60,184]",10
766,54;60;185,False,3,"[54,60,185]",5
767,54;61;179;182,False,4,"[54,61,179,182]",1
768,54;61;179;183,False,4,"[54,61,179,183]",1
769,54;61;183,False,3,"[54,61,183]",1
770,54;63;179;181,False,4,"[54,63,179,181]",5
771,54;63;179;182,False,4,"[54,63,179,182]",1
772,54;63;179;183,False,4,"[54,63,179,183]",5
773,54;63;179;184,False,4,"[54,63,179,184]",1
774,54;63;179;185,False,4,"[54,63,179,185]",1
775,54;63;181,False,3,"[54,63,181]",5
776,54;63;182,False,3,"[54,63,182]",5
777,54;63;183,False,3,"[54,63,183]",1
778,54;63;184,False,3,"[54,63,184]",4
779,54;63;185,False,3,"[54,63,185]",1
780,54;64;179;181,False,4,"[54,64,179,181]",1
781,54;64;179;182,False,4,"[54,64,179,182]",2
782,54;64;179;183,False,4,"[54,64,179,183]",1
783,54;64;179;184,False,4,"[54,64,179,184]",1
784,54;64;179;185,False,4,"[54,64,179,185]",1
785,54;64;181,False,3,"[54,64,181]",1
786,54;64;182,False,3,"[54,64,182]",5
787,54;64;183,False,3,"[54,64,183]",2
788,54;64;185,False,3,"[54,64,185]",2
789,54;65;179;184,False,4,"[54,65,179,184]",4
790,54;65;181,False,3,"[54,65,181]",1
791,54;65;185,False,3,"[54,65,185]",1
792,54;66;179;183,False,4,"[54,66,179,183]",2
793,54;66;182,False,3,"[54,66,182]",4
794,54;66;183,False,3,"[54,66,183]",1
795,54;67;179;182,False,4,"[54,67,179,182]",1
796,54;67;179;183,False,4,"[54,67,179,183]",1
797,54;67;179;184,False,4,"[54,67,179,184]",1
798,54;67;182,False,3,"[54,67,182]",7
799,54;67;183,False,3,"[54,67,183]",4
800,54;67;184,False,3,"[54,67,184]",3
801,54;68;179;181,False,4,"[54,68,179,181]",1
802,54;68;179;183,False,4,"[54,68,179,183]",1
803,54;68;182,False,3,"[54,68,182]",3
804,54;68;184,False,3,"[54,68,184]",1
805,54;69;179;184,False,4,"[54,69,179,184]",1
806,54;69;179;185,False,4,"[54,69,179,185]",1
807,54;69;182,False,3,"[54,69,182]",2
808,54;69;184,False,3,"[54,69,184]",1
809,54;70;179;181,False,4,"[54,70,179,181]",1
810,54;70;179;183,False,4,"[54,70,179,183]",1
811,54;70;181,False,3,"[54,70,181]",1
812,54;70;182,False,3,"[54,70,182]",2
813,54;179;181;182,False,4,"[54,179,181,182]",7
814,54;179;181;185,False,4,"[54,179,181,185]",1
815,54;179;182;183,False,4,"[54,179,182,183]",4
816,54;179;183;184,False,4,"[54,179,183,184]",5
817,54;179;183;185,False,4,"[54,179,183,185]",2
818,54;181;182,False,3,"[54,181,182]",46
819,54;181;182;183,False,4,"[54,181,182,183]",4
820,54;181;182;184,False,4,"[54,181,182,184]",2
821,54;181;183;184,False,4,"[54,181,183,184]",2
822,54;181;183;185,False,4,"[54,181,183,185]",1
823,54;181;184,False,3,"[54,181,184]",23
824,54;181;184;185,False,4,"[54,181,184,185]",4
825,54;181;185,False,3,"[54,181,185]",26
826,54;181;194,False,3,"[54,181,194]",4
827,54;182;183,False,3,"[54,182,183]",57
828,54;182;183;184,False,4,"[54,182,183,184]",2
829,54;182;184,False,3,"[54,182,184]",1
830,54;182;194,False,3,"[54,182,194]",3
831,54;183;184,False,3,"[54,183,184]",36
832,54;183;184;185,False,4,"[54,183,184,185]",2
833,54;183;185,False,3,"[54,183,185]",13
834,54;183;194,False,3,"[54,183,194]",4
835,54;184;185,False,3,"[54,184,185]",1
836,54;185;186,False,3,"[54,185,186]",1
837,55;59;179;181,False,4,"[55,59,179,181]",1
838,55;59;179;183,False,4,"[55,59,179,183]",1
839,55;59;179;184,False,4,"[55,59,179,184]",1
840,55;59;181,False,3,"[55,59,181]",4
841,55;59;182,False,3,"[55,59,182]",4
842,55;59;183,False,3,"[55,59,183]",4
843,55;59;184,False,3,"[55,59,184]",1
844,55;59;185,False,3,"[55,59,185]",3
845,55;60;179;182,False,4,"[55,60,179,182]",1
846,55;60;181,False,3,"[55,60,181]",4
847,55;60;182,False,3,"[55,60,182]",1
848,55;60;183,False,3,"[55,60,183]",3
849,55;60;185,False,3,"[55,60,185]",1
850,55;61;179;181,False,4,"[55,61,179,181]",1
851,55;61;179;182,False,4,"[55,61,179,182]",1
852,55;61;181,False,3,"[55,61,181]",1
853,55;61;182,False,3,"[55,61,182]",1
854,55;62;179;184,False,4,"[55,62,179,184]",1
855,55;62;182,False,3,"[55,62,182]",1
856,55;62;183,False,3,"[55,62,183]",1
857,55;63;179;183,False,4,"[55,63,179,183]",1
858,55;63;181,False,3,"[55,63,181]",1
859,55;63;182,False,3,"[55,63,182]",1
860,55;63;183,False,3,"[55,63,183]",2
861,55;63;185,False,3,"[55,63,185]",1
862,55;64;179;183,False,4,"[55,64,179,183]",1
863,55;64;179;184,False,4,"[55,64,179,184]",2
864,55;64;179;185,False,4,"[55,64,179,185]",1
865,55;64;181,False,3,"[55,64,181]",1
866,55;64;182,False,3,"[55,64,182]",1
867,55;64;183,False,3,"[55,64,183]",2
868,55;64;184,False,3,"[55,64,184]",1
869,55;64;185,False,3,"[55,64,185]",3
870,55;65;179;184,False,4,"[55,65,179,184]",1
871,55;66;179;181,False,4,"[55,66,179,181]",1
872,55;66;179;183,False,4,"[55,66,179,183]",1
873,55;66;182,False,3,"[55,66,182]",1
874,55;66;183,False,3,"[55,66,183]",1
875,55;67;179;181,False,4,"[55,67,179,181]",1
876,55;67;179;182,False,4,"[55,67,179,182]",1
877,55;67;185,False,3,"[55,67,185]",1
878,55;68;181,False,3,"[55,68,181]",1
879,55;68;182,False,3,"[55,68,182]",2
880,55;68;184,False,3,"[55,68,184]",3
881,55;69;184,False,3,"[55,69,184]",1
882,55;70;181,False,3,"[55,70,181]",1
883,55;70;182,False,3,"[55,70,182]",1
884,55;70;185,False,3,"[55,70,185]",1
885,55;179;181;182,False,4,"[55,179,181,182]",4
886,55;179;181;185,False,4,"[55,179,181,185]",1
887,55;179;182;183,False,4,"[55,179,182,183]",2
888,55;179;183;184;185,False,5,"[55,179,183,184,185]",1
889,55;181;182,False,3,"[55,181,182]",25
890,55;181;182;183,False,4,"[55,181,182,183]",3
891,55;181;182;184,False,4,"[55,181,182,184]",2
892,55;181;183,False,3,"[55,181,183]",1
893,55;181;183;185,False,4,"[55,181,183,185]",2
894,55;181;184,False,3,"[55,181,184]",13
895,55;181;185,False,3,"[55,181,185]",12
896,55;182;183,False,3,"[55,182,183]",20
897,55;182;183;184,False,4,"[55,182,183,184]",1
898,55;182;184,False,3,"[55,182,184]",1
899,55;182;300,False,3,"[55,182,300]",1
900,55;183;184,False,3,"[55,183,184]",19
901,55;183;184;185,False,4,"[55,183,184,185]",1
902,55;183;185,False,3,"[55,183,185]",5
903,55;183;194,False,3,"[55,183,194]",2
904,55;183;300,False,3,"[55,183,300]",1
905,55;184;185,False,3,"[55,184,185]",1
906,56;59;179;181,False,4,"[56,59,179,181]",2
907,56;59;179;182,False,4,"[56,59,179,182]",1
908,56;59;179;183,False,4,"[56,59,179,183]",1
909,56;59;179;184,False,4,"[56,59,179,184]",1
910,56;59;181,False,3,"[56,59,181]",7
911,56;59;182,False,3,"[56,59,182]",18
912,56;59;183,False,3,"[56,59,183]",14
913,56;59;184,False,3,"[56,59,184]",7
914,56;59;185,False,3,"[56,59,185]",2
915,56;60;179;181,False,4,"[56,60,179,181]",2
916,56;60;179;182,False,4,"[56,60,179,182]",2
917,56;60;181,False,3,"[56,60,181]",13
918,56;60;182,False,3,"[56,60,182]",15
919,56;60;183,False,3,"[56,60,183]",7
920,56;60;184,False,3,"[56,60,184]",6
921,56;60;185,False,3,"[56,60,185]",4
922,56;61;179;183,False,4,"[56,61,179,183]",1
923,56;61;181,False,3,"[56,61,181]",1
924,56;61;183,False,3,"[56,61,183]",1
925,56;62;179;182,False,4,"[56,62,179,182]",1
926,56;62;179;183,False,4,"[56,62,179,183]",1
927,56;62;179;184,False,4,"[56,62,179,184]",1
928,56;62;182,False,3,"[56,62,182]",1
929,56;63;179;181,False,4,"[56,63,179,181]",2
930,56;63;179;182,False,4,"[56,63,179,182]",3
931,56;63;179;183,False,4,"[56,63,179,183]",3
932,56;63;179;185,False,4,"[56,63,179,185]",2
933,56;63;181,False,3,"[56,63,181]",3
934,56;63;182,False,3,"[56,63,182]",7
935,56;63;183,False,3,"[56,63,183]",2
936,56;63;184,False,3,"[56,63,184]",3
937,56;63;185,False,3,"[56,63,185]",1
938,56;64;179;182,False,4,"[56,64,179,182]",3
939,56;64;179;183,False,4,"[56,64,179,183]",2
940,56;64;179;184,False,4,"[56,64,179,184]",1
941,56;64;179;185,False,4,"[56,64,179,185]",1
942,56;64;181,False,3,"[56,64,181]",3
943,56;64;182,False,3,"[56,64,182]",7
944,56;64;183,False,3,"[56,64,183]",5
945,56;64;184,False,3,"[56,64,184]",3
946,56;64;185,False,3,"[56,64,185]",5
947,56;65;179;184,False,4,"[56,65,179,184]",2
948,56;65;181,False,3,"[56,65,181]",2
949,56;65;185,False,3,"[56,65,185]",1
950,56;66;179;181,False,4,"[56,66,179,181]",1
951,56;66;179;183,False,4,"[56,66,179,183]",1
952,56;66;179;184,False,4,"[56,66,179,184]",1
953,56;66;179;185,False,4,"[56,66,179,185]",1
954,56;66;182,False,3,"[56,66,182]",3
955,56;66;183,False,3,"[56,66,183]",1
956,56;67;179;181,False,4,"[56,67,179,181]",2
957,56;67;179;182,False,4,"[56,67,179,182]",1
958,56;67;179;183,False,4,"[56,67,179,183]",1
959,56;67;179;184,False,4,"[56,67,179,184]",1
960,56;67;182,False,3,"[56,67,182]",3
961,56;67;183,False,3,"[56,67,183]",1
962,56;67;184,False,3,"[56,67,184]",3
963,56;67;185,False,3,"[56,67,185]",1
964,56;68;179;183,False,4,"[56,68,179,183]",1
965,56;68;181,False,3,"[56,68,181]",1
966,56;68;182,False,3,"[56,68,182]",4
967,56;68;184,False,3,"[56,68,184]",4
968,56;69;179;185,False,4,"[56,69,179,185]",1
969,56;69;184,False,3,"[56,69,184]",1
970,56;70;179;181,False,4,"[56,70,179,181]",1
971,56;70;179;183,False,4,"[56,70,179,183]",1
972,56;70;181,False,3,"[56,70,181]",1
973,56;70;182,False,3,"[56,70,182]",7
974,56;70;185,False,3,"[56,70,185]",1
975,56;179;181;182,False,4,"[56,179,181,182]",1
976,56;179;181;184,False,4,"[56,179,181,184]",1
977,56;179;181;185,False,4,"[56,179,181,185]",1
978,56;179;182;183,False,4,"[56,179,182,183]",2
979,56;179;183;184,False,4,"[56,179,183,184]",2
980,56;181;182,False,3,"[56,181,182]",24
981,56;181;182;183,False,4,"[56,181,182,183]",4
982,56;181;182;184,False,4,"[56,181,182,184]",4
983,56;181;183;185,False,4,"[56,181,183,185]",2
984,56;181;184,False,3,"[56,181,184]",14
985,56;181;184;185,False,4,"[56,181,184,185]",1
986,56;181;185,False,3,"[56,181,185]",18
987,56;181;194,False,3,"[56,181,194]",2
988,56;181;300,False,3,"[56,181,300]",1
989,56;182;183,False,3,"[56,182,183]",36
990,56;182;184,False,3,"[56,182,184]",1
991,56;182;194,False,3,"[56,182,194]",3
992,56;183;184,False,3,"[56,183,184]",26
993,56;183;184;185,False,4,"[56,183,184,185]",1
994,56;183;185,False,3,"[56,183,185]",11
995,56;183;194,False,3,"[56,183,194]",3
996,56;183;300,False,3,"[56,183,300]",1
997,56;184;185,False,3,"[56,184,185]",1
998,57;59;179;181,False,4,"[57,59,179,181]",1
999,57;59;179;182,False,4,"[57,59,179,182]",1
1000,57;59;179;183,False,4,"[57,59,179,183]",1
1001,57;59;181,False,3,"[57,59,181]",6
1002,57;59;182,False,3,"[57,59,182]",4
1003,57;59;183,False,3,"[57,59,183]",4
1004,57;59;184,False,3,"[57,59,184]",2
1005,57;60;179;183,False,4,"[57,60,179,183]",1
1006,57;60;179;185,False,4,"[57,60,179,185]",1
1007,57;60;181,False,3,"[57,60,181]",8
1008,57;60;182,False,3,"[57,60,182]",3
1009,57;60;183,False,3,"[57,60,183]",1
1010,57;60;185,False,3,"[57,60,185]",1
1011,57;62;179;183,False,4,"[57,62,179,183]",1
1012,57;63;179;181,False,4,"[57,63,179,181]",2
1013,57;63;179;183,False,4,"[57,63,179,183]",1
1014,57;63;181,False,3,"[57,63,181]",1
1015,57;63;183,False,3,"[57,63,183]",1
1016,57;63;184,False,3,"[57,63,184]",1
1017,57;64;179;182,False,4,"[57,64,179,182]",1
1018,57;64;179;184,False,4,"[57,64,179,184]",1
1019,57;64;181,False,3,"[57,64,181]",1
1020,57;64;183,False,3,"[57,64,183]",2
1021,57;64;185,False,3,"[57,64,185]",4
1022,57;65;181,False,3,"[57,65,181]",1
1023,57;66;179;181,False,4,"[57,66,179,181]",1
1024,57;66;179;183,False,4,"[57,66,179,183]",1
1025,57;66;183,False,3,"[57,66,183]",1
1026,57;69;184,False,3,"[57,69,184]",1
1027,57;70;179;182,False,4,"[57,70,179,182]",1
1028,57;179;181;182,False,4,"[57,179,181,182]",2
1029,57;179;181;184,False,4,"[57,179,181,184]",1
1030,57;179;182;183,False,4,"[57,179,182,183]",1
1031,57;181;182,False,3,"[57,181,182]",8
1032,57;181;182;183,False,4,"[57,181,182,183]",1
1033,57;181;182;184,False,4,"[57,181,182,184]",1
1034,57;181;183;184,False,4,"[57,181,183,184]",2
1035,57;181;183;185,False,4,"[57,181,183,185]",1
1036,57;181;184,False,3,"[57,181,184]",4
1037,57;181;184;185,False,4,"[57,181,184,185]",1
1038,57;181;185,False,3,"[57,181,185]",1
1039,57;182;183,False,3,"[57,182,183]",20
1040,57;183;184,False,3,"[57,183,184]",5
1041,57;183;184;185,False,4,"[57,183,184,185]",3
1042,57;183;185,False,3,"[57,183,185]",1
1043,57;183;300,False,3,"[57,183,300]",1
1044,58;59;179;183,False,4,"[58,59,179,183]",1
1045,58;59;181,False,3,"[58,59,181]",2
1046,58;59;182,False,3,"[58,59,182]",7
1047,58;59;183,False,3,"[58,59,183]",4
1048,58;59;184,False,3,"[58,59,184]",3
1049,58;60;179;181,False,4,"[58,60,179,181]",2
1050,58;60;179;182,False,4,"[58,60,179,182]",1
1051,58;60;181,False,3,"[58,60,181]",4
1052,58;60;182,False,3,"[58,60,182]",1
1053,58;60;183,False,3,"[58,60,183]",4
1054,58;60;184,False,3,"[58,60,184]",1
1055,58;60;185,False,3,"[58,60,185]",2
1056,58;62;183,False,3,"[58,62,183]",1
1057,58;63;179;183,False,4,"[58,63,179,183]",1
1058,58;63;181,False,3,"[58,63,181]",1
1059,58;63;182,False,3,"[58,63,182]",2
1060,58;63;185,False,3,"[58,63,185]",1
1061,58;64;179;183,False,4,"[58,64,179,183]",1
1062,58;64;179;184,False,4,"[58,64,179,184]",1
1063,58;64;182,False,3,"[58,64,182]",1
1064,58;65;181,False,3,"[58,65,181]",1
1065,58;67;179;181,False,4,"[58,67,179,181]",1
1066,58;67;179;184,False,4,"[58,67,179,184]",1
1067,58;67;182,False,3,"[58,67,182]",2
1068,58;67;183,False,3,"[58,67,183]",1
1069,58;67;184,False,3,"[58,67,184]",2
1070,58;68;182,False,3,"[58,68,182]",1
1071,58;68;183,False,3,"[58,68,183]",1
1072,58;68;184,False,3,"[58,68,184]",1
1073,58;69;183,False,3,"[58,69,183]",1
1074,58;70;179;181,False,4,"[58,70,179,181]",1
1075,58;179;181;182,False,4,"[58,179,181,182]",1
1076,58;179;183;184,False,4,"[58,179,183,184]",3
1077,58;179;183;185,False,4,"[58,179,183,185]",2
1078,58;181;182,False,3,"[58,181,182]",13
1079,58;181;184,False,3,"[58,181,184]",6
1080,58;181;185,False,3,"[58,181,185]",11
1081,58;181;194,False,3,"[58,181,194]",1
1082,58;181;300,False,3,"[58,181,300]",1
1083,58;182;183,False,3,"[58,182,183]",18
1084,58;182;300,False,3,"[58,182,300]",1
1085,58;183;184,False,3,"[58,183,184]",12
1086,58;183;185,False,3,"[58,183,185]",7
1087,58;183;194,False,3,"[58,183,194]",2
1088,58;185;186,False,3,"[58,185,186]",1
1089,71,False,1,[71],275
1090,71;179,False,2,"[71,179]",3
1091,72,False,1,[72],48
1092,73,False,1,[73],35
1093,73;179,False,2,"[73,179]",1
1094,74,False,1,[74],718
1095,74;179,False,2,"[74,179]",13
1096,75,False,1,[75],28
1097,75;179,False,2,"[75,179]",1
1098,76,False,1,[76],395
1099,76;179,False,2,"[76,179]",9
1100,77,False,1,[77],502
1101,77;179,False,2,"[77,179]",21
1102,78,False,1,[78],308
1103,78;179,False,2,"[78,179]",4
1104,79,False,1,[79],20
1105,80,False,1,[80],124
1106,80;179,False,2,"[80,179]",4
1107,81,False,1,[81],49
1108,81;179,False,2,"[81,179]",2
1109,82,False,1,[82],56
1110,83,False,1,[83],349
1111,83;179,False,2,"[83,179]",5
1112,84,False,1,[84],204
1113,84;179,False,2,"[84,179]",1
1114,85,False,1,[85],591
1115,85;179,False,2,"[85,179]",13
1116,86,False,1,[86],183
1117,86;179,False,2,"[86,179]",6
1118,87,False,1,[87],76
1119,87;179,False,2,"[87,179]",2
1120,88,False,1,[88],87
1121,88;179,False,2,"[88,179]",1
1122,89,False,1,[89],17
1123,90,False,1,[90],55
1124,90;179,False,2,"[90,179]",1
1125,91,False,1,[91],6
1126,92,False,1,[92],49
1127,93,False,1,[93],41
1128,94,False,1,[94],60
1129,95,False,1,[95],44
1130,95;179,False,2,"[95,179]",1
1131,96,False,1,[96],58
1132,97,False,1,[97],11
1133,98,False,1,[98],215
1134,99,False,1,[99],19
1135,99;179,False,2,"[99,179]",1
1136,100,False,1,[100],16
1137,101,False,1,[101],17
1138,102,False,1,[102],6
1139,103,False,1,[103],54
1140,104,False,1,[104],41
1141,105,False,1,[105],43
1142,106,False,1,[106],108
1143,106;179,False,2,"[106,179]",1
1144,107,False,1,[107],46
1145,108,False,1,[108],23
1146,108;179,False,2,"[108,179]",1
1147,109,False,1,[109],19
1148,109;179,False,2,"[109,179]",1
1149,110,False,1,[110],10
1150,110;179,False,2,"[110,179]",1
1151,111,False,1,[111],12
1152,112,False,1,[112],21
1153,113,False,1,[113],24
1154,113;179,False,2,"[113,179]",1
1155,114,False,1,[114],26
1156,115,False,1,[115],19
1157,115;179,False,2,"[115,179]",1
1158,116,False,1,[116],40
1159,117,False,1,[117],21
1160,117;179,False,2,"[117,179]",1
1161,118,False,1,[118],33
1162,119,False,1,[119],212
1163,119;179,False,2,"[119,179]",4
1164,120,False,1,[120],75
1165,120;179,False,2,"[120,179]",12
1166,121,False,1,[121],70
1167,122,False,1,[122],27
1168,122;179,False,2,"[122,179]",2
1169,123,False,1,[123],19
1170,124,False,1,[124],16
1171,125,False,1,[125],10
1172,126,False,1,[126],12
1173,126;179,False,2,"[126,179]",1
1174,128,False,1,[128],27
1175,128;179,False,2,"[128,179]",1
1176,129,False,1,[129],45
1177,129;179,False,2,"[129,179]",2
1178,130,False,1,[130],35
1179,130;179,False,2,"[130,179]",1
1180,131,False,1,[131],13
1181,132,False,1,[132],23
1182,133,False,1,[133],50
1183,134,False,1,[134],55
1184,134;179,False,2,"[134,179]",6
1185,135,False,1,[135],35
1186,136,False,1,[136],10
1187,137,False,1,[137],12
1188,138,False,1,[138],32
1189,140,False,1,[140],10
1190,141,False,1,[141],10
1191,142,False,1,[142],17
1192,143,False,1,[143],262
1193,143;179,False,2,"[143,179]",41
1194,144,False,1,[144],21
1195,145,False,1,[145],10
1196,145;179,False,2,"[145,179]",1
1197,146,False,1,[146],1
1198,146;147;148;162;178,False,5,"[146,147,148,162,178]",1
1199,146;147;148;165;178,False,5,"[146,147,148,165,178]",1
1200,146;147;148;165;178;179,False,6,"[146,147,148,165,178,179]",1
1201,146;147;148;176,False,4,"[146,147,148,176]",1
1202,146;147;148;176;179,False,5,"[146,147,148,176,179]",2
1203,146;147;149;162;178,False,5,"[146,147,149,162,178]",3
1204,146;147;149;162;178;179,False,6,"[146,147,149,162,178,179]",5
1205,146;147;149;165;178,False,5,"[146,147,149,165,178]",3
1206,146;147;149;165;178;179,False,6,"[146,147,149,165,178,179]",2
1207,146;147;149;176,False,4,"[146,147,149,176]",7
1208,146;147;149;176;179,False,5,"[146,147,149,176,179]",10
1209,146;147;150;162;178,False,5,"[146,147,150,162,178]",1
1210,146;147;150;176,False,4,"[146,147,150,176]",5
1211,146;147;150;176;179,False,5,"[146,147,150,176,179]",4
1212,146;147;151;162;178,False,5,"[146,147,151,162,178]",2
1213,146;147;151;165;178,False,5,"[146,147,151,165,178]",1
1214,146;147;151;176,False,4,"[146,147,151,176]",2
1215,146;147;151;176;179,False,5,"[146,147,151,176,179]",4
1216,146;147;153;162;178,False,5,"[146,147,153,162,178]",1
1217,146;147;153;162;178;179,False,6,"[146,147,153,162,178,179]",3
1218,146;147;153;165;178;179,False,6,"[146,147,153,165,178,179]",1
1219,146;147;153;176,False,4,"[146,147,153,176]",7
1220,146;147;153;176;179,False,5,"[146,147,153,176,179]",8
1221,146;147;156;162;178,False,5,"[146,147,156,162,178]",2
1222,146;147;156;162;178;179,False,6,"[146,147,156,162,178,179]",2
1223,146;147;156;165;178;179,False,6,"[146,147,156,165,178,179]",1
1224,146;147;156;176,False,4,"[146,147,156,176]",1
1225,146;147;156;176;179,False,5,"[146,147,156,176,179]",2
1226,146;147;176;196,False,4,"[146,147,176,196]",2
1227,146;148;158;176;179,False,5,"[146,148,158,176,179]",1
1228,146;148;161;162;178;179,False,6,"[146,148,161,162,178,179]",1
1229,146;148;164;165;178,False,5,"[146,148,164,165,178]",1
1230,146;148;177,False,3,"[146,148,177]",5
1231,146;149;154;176;179,False,5,"[146,149,154,176,179]",3
1232,146;149;158;162;178,False,5,"[146,149,158,162,178]",12
1233,146;149;158;162;178;179,False,6,"[146,149,158,162,178,179]",3
1234,146;149;158;163;178;179,False,6,"[146,149,158,163,178,179]",3
1235,146;149;158;166;178;179,False,6,"[146,149,158,166,178,179]",3
1236,146;149;158;176,False,4,"[146,149,158,176]",5
1237,146;149;158;176;179,False,5,"[146,149,158,176,179]",2
1238,146;149;160;176,False,4,"[146,149,160,176]",2
1239,146;149;161;162;178;179,False,6,"[146,149,161,162,178,179]",2
1240,146;149;162;164;178;179,False,6,"[146,149,162,164,178,179]",2
1241,146;149;162;172;178,False,5,"[146,149,162,172,178]",6
1242,146;149;164;165;178,False,5,"[146,149,164,165,178]",1
1243,146;149;177,False,3,"[146,149,177]",11
1244,146;150;158;162;178;179,False,6,"[146,150,158,162,178,179]",1
1245,146;150;158;163;178;179,False,6,"[146,150,158,163,178,179]",1
1246,146;150;158;176,False,4,"[146,150,158,176]",1
1247,146;150;162;172;178,False,5,"[146,150,162,172,178]",2
1248,146;150;177,False,3,"[146,150,177]",15
1249,146;151;158;162;178,False,5,"[146,151,158,162,178]",4
1250,146;151;158;176,False,4,"[146,151,158,176]",1
1251,146;151;160;176,False,4,"[146,151,160,176]",1
1252,146;151;161;162;178;179,False,6,"[146,151,161,162,178,179]",1
1253,146;151;162;172;178,False,5,"[146,151,162,172,178]",3
1254,146;151;164;165;178,False,5,"[146,151,164,165,178]",1
1255,146;151;177,False,3,"[146,151,177]",2
1256,146;153;154;176;179,False,5,"[146,153,154,176,179]",2
1257,146;153;158;162;178,False,5,"[146,153,158,162,178]",7
1258,146;153;158;163;178;179,False,6,"[146,153,158,163,178,179]",1
1259,146;153;158;166;178;179,False,6,"[146,153,158,166,178,179]",2
1260,146;153;158;176,False,4,"[146,153,158,176]",3
1261,146;153;158;176;179,False,5,"[146,153,158,176,179]",2
1262,146;153;160;176,False,4,"[146,153,160,176]",1
1263,146;153;161;162;178;179,False,6,"[146,153,161,162,178,179]",1
1264,146;153;162;164;178;179,False,6,"[146,153,162,164,178,179]",3
1265,146;153;162;172;178,False,5,"[146,153,162,172,178]",4
1266,146;153;164;176,False,4,"[146,153,164,176]",3
1267,146;153;177,False,3,"[146,153,177]",32
1268,146;153;177;179,False,4,"[146,153,177,179]",2
1269,146;156;158;162;178,False,5,"[146,156,158,162,178]",2
1270,146;156;158;162;178;179,False,6,"[146,156,158,162,178,179]",1
1271,146;156;160;176,False,4,"[146,156,160,176]",1
1272,146;156;164;176,False,4,"[146,156,164,176]",1
1273,146;156;177,False,3,"[146,156,177]",5
1274,146;164;165;178;196,False,5,"[146,164,165,178,196]",2
1275,146;164;176;196,False,4,"[146,164,176,196]",1
1276,146;169;177,False,3,"[146,169,177]",6
1277,147;148;152;176,False,4,"[147,148,152,176]",1
1278,147;148;155;176,False,4,"[147,148,155,176]",9
1279,147;148;155;176;179,False,5,"[147,148,155,176,179]",2
1280,147;148;157;176,False,4,"[147,148,157,176]",3
1281,147;148;159;166;178,False,5,"[147,148,159,166,178]",2
1282,147;148;159;176,False,4,"[147,148,159,176]",1
1283,147;148;159;176;179,False,5,"[147,148,159,176,179]",1
1284,147;149;152;163;178;179,False,6,"[147,149,152,163,178,179]",4
1285,147;149;152;176,False,4,"[147,149,152,176]",4
1286,147;149;152;176;179,False,5,"[147,149,152,176,179]",8
1287,147;149;155;162;178,False,5,"[147,149,155,162,178]",2
1288,147;149;155;176,False,4,"[147,149,155,176]",18
1289,147;149;155;176;179,False,5,"[147,149,155,176,179]",2
1290,147;149;157;176,False,4,"[147,149,157,176]",8
1291,147;149;159;166;178,False,5,"[147,149,159,166,178]",5
1292,147;149;159;176,False,4,"[147,149,159,176]",8
1293,147;149;159;176;179,False,5,"[147,149,159,176,179]",1
1294,147;149;162;170;178,False,5,"[147,149,162,170,178]",2
1295,147;150;152;176,False,4,"[147,150,152,176]",2
1296,147;150;155;162;178,False,5,"[147,150,155,162,178]",1
1297,147;150;155;176,False,4,"[147,150,155,176]",3
1298,147;150;155;176;179,False,5,"[147,150,155,176,179]",1
1299,147;150;157;176,False,4,"[147,150,157,176]",2
1300,147;150;159;176,False,4,"[147,150,159,176]",3
1301,147;150;159;176;179,False,5,"[147,150,159,176,179]",1
1302,147;150;162;170;178,False,5,"[147,150,162,170,178]",1
1303,147;151;152;163;178;179,False,6,"[147,151,152,163,178,179]",1
1304,147;151;152;176,False,4,"[147,151,152,176]",1
1305,147;151;152;176;179,False,5,"[147,151,152,176,179]",1
1306,147;151;155;162;178,False,5,"[147,151,155,162,178]",1
1307,147;151;155;176,False,4,"[147,151,155,176]",9
1308,147;151;155;176;179,False,5,"[147,151,155,176,179]",1
1309,147;151;157;176,False,4,"[147,151,157,176]",3
1310,147;151;159;166;178,False,5,"[147,151,159,166,178]",2
1311,147;151;162;170;178,False,5,"[147,151,162,170,178]",1
1312,147;152;153;176,False,4,"[147,152,153,176]",1
1313,147;152;153;176;179,False,5,"[147,152,153,176,179]",5
1314,147;152;156;176,False,4,"[147,152,156,176]",1
1315,147;152;156;176;179,False,5,"[147,152,156,176,179]",1
1316,147;153;155;176,False,4,"[147,153,155,176]",8
1317,147;153;155;176;179,False,5,"[147,153,155,176,179]",2
1318,147;153;157;176,False,4,"[147,153,157,176]",2
1319,147;153;159;166;178,False,5,"[147,153,159,166,178]",1
1320,147;153;159;176,False,4,"[147,153,159,176]",2
1321,147;153;159;176;179,False,5,"[147,153,159,176,179]",2
1322,147;153;162;170;178,False,5,"[147,153,162,170,178]",1
1323,147;155;156;162;178,False,5,"[147,155,156,162,178]",1
1324,147;155;156;176,False,4,"[147,155,156,176]",3
1325,147;155;156;176;179,False,5,"[147,155,156,176,179]",2
1326,147;156;157;176,False,4,"[147,156,157,176]",2
1327,147;156;159;176,False,4,"[147,156,159,176]",1
1328,148;152;177,False,3,"[148,152,177]",1
1329,148;155;158;162;178,False,5,"[148,155,158,162,178]",1
1330,148;155;158;162;178;179,False,6,"[148,155,158,162,178,179]",2
1331,148;155;158;176,False,4,"[148,155,158,176]",1
1332,148;155;158;176;179,False,5,"[148,155,158,176,179]",1
1333,148;155;160;176,False,4,"[148,155,160,176]",1
1334,148;155;162;172;178,False,5,"[148,155,162,172,178]",1
1335,148;155;164;176,False,4,"[148,155,164,176]",1
1336,148;155;177,False,3,"[148,155,177]",19
1337,148;155;177;179,False,4,"[148,155,177,179]",4
1338,148;157;158;162;178,False,5,"[148,157,158,162,178]",1
1339,148;157;177,False,3,"[148,157,177]",8
1340,148;157;177;179,False,4,"[148,157,177,179]",2
1341,148;158;159;162;178,False,5,"[148,158,159,162,178]",1
1342,148;158;159;162;178;179,False,6,"[148,158,159,162,178,179]",2
1343,148;158;159;176,False,4,"[148,158,159,176]",2
1344,148;158;162;170;178,False,5,"[148,158,162,170,178]",1
1345,148;159;172;174;178,False,5,"[148,159,172,174,178]",1
1346,148;159;177,False,3,"[148,159,177]",12
1347,148;159;177;179,False,4,"[148,159,177,179]",2
1348,148;167;177,False,3,"[148,167,177]",20
1349,148;170;177,False,3,"[148,170,177]",1
1350,149;152;177,False,3,"[149,152,177]",4
1351,149;154;155;162;178,False,5,"[149,154,155,162,178]",2
1352,149;154;155;176;179,False,5,"[149,154,155,176,179]",1
1353,149;155;158;162;178,False,5,"[149,155,158,162,178]",11
1354,149;155;158;162;178;179,False,6,"[149,155,158,162,178,179]",9
1355,149;155;158;176,False,4,"[149,155,158,176]",3
1356,149;155;158;176;179,False,5,"[149,155,158,176,179]",4
1357,149;155;160;176,False,4,"[149,155,160,176]",1
1358,149;155;162;164;178,False,5,"[149,155,162,164,178]",2
1359,149;155;162;172;178,False,5,"[149,155,162,172,178]",3
1360,149;155;164;176,False,4,"[149,155,164,176]",2
1361,149;155;177,False,3,"[149,155,177]",20
1362,149;155;177;179,False,4,"[149,155,177,179]",4
1363,149;157;158;162;178,False,5,"[149,157,158,162,178]",3
1364,149;157;177,False,3,"[149,157,177]",15
1365,149;157;177;179,False,4,"[149,157,177,179]",3
1366,149;158;159;162;178,False,5,"[149,158,159,162,178]",5
1367,149;158;159;162;178;179,False,6,"[149,158,159,162,178,179]",6
1368,149;158;159;166;178,False,5,"[149,158,159,166,178]",7
1369,149;158;159;176,False,4,"[149,158,159,176]",3
1370,149;158;162;170;178,False,5,"[149,158,162,170,178]",3
1371,149;159;162;164;178,False,5,"[149,159,162,164,178]",4
1372,149;159;162;172;178,False,5,"[149,159,162,172,178]",2
1373,149;159;172;174;178,False,5,"[149,159,172,174,178]",2
1374,149;159;177,False,3,"[149,159,177]",10
1375,149;161;165;171;178,False,5,"[149,161,165,171,178]",3
1376,149;167;177,False,3,"[149,167,177]",42
1377,149;167;177;179,False,4,"[149,167,177,179]",2
1378,149;170;172;173;178,False,5,"[149,170,172,173,178]",4
1379,149;170;172;175;178,False,5,"[149,170,172,175,178]",2
1380,149;170;177,False,3,"[149,170,177]",3
1381,149;171;177,False,3,"[149,171,177]",1
1382,150;152;177,False,3,"[150,152,177]",1
1383,150;154;155;162;178,False,5,"[150,154,155,162,178]",1
1384,150;154;155;176;179,False,5,"[150,154,155,176,179]",2
1385,150;155;158;162;178,False,5,"[150,155,158,162,178]",2
1386,150;155;158;162;178;179,False,6,"[150,155,158,162,178,179]",1
1387,150;155;158;163;178,False,5,"[150,155,158,163,178]",1
1388,150;155;158;175;178,False,5,"[150,155,158,175,178]",2
1389,150;155;158;176;179,False,5,"[150,155,158,176,179]",1
1390,150;155;160;176,False,4,"[150,155,160,176]",1
1391,150;155;162;164;178,False,5,"[150,155,162,164,178]",1
1392,150;155;162;172;178,False,5,"[150,155,162,172,178]",1
1393,150;155;177,False,3,"[150,155,177]",13
1394,150;155;177;179,False,4,"[150,155,177,179]",1
1395,150;157;177,False,3,"[150,157,177]",8
1396,150;158;159;162;178,False,5,"[150,158,159,162,178]",2
1397,150;158;159;162;178;179,False,6,"[150,158,159,162,178,179]",2
1398,150;158;159;166;178,False,5,"[150,158,159,166,178]",1
1399,150;158;162;170;178,False,5,"[150,158,162,170,178]",4
1400,150;159;162;164;178,False,5,"[150,159,162,164,178]",2
1401,150;159;172;174;178,False,5,"[150,159,172,174,178]",1
1402,150;159;177,False,3,"[150,159,177]",17
1403,150;164;170;176,False,4,"[150,164,170,176]",2
1404,150;167;177,False,3,"[150,167,177]",10
1405,150;170;172;175;178,False,5,"[150,170,172,175,178]",1
1406,150;170;177,False,3,"[150,170,177]",1
1407,151;154;155;162;178,False,5,"[151,154,155,162,178]",1
1408,151;155;158;162;178,False,5,"[151,155,158,162,178]",5
1409,151;155;158;162;178;179,False,6,"[151,155,158,162,178,179]",1
1410,151;155;158;175;178,False,5,"[151,155,158,175,178]",1
1411,151;155;158;176,False,4,"[151,155,158,176]",1
1412,151;155;158;176;179,False,5,"[151,155,158,176,179]",1
1413,151;155;160;176,False,4,"[151,155,160,176]",1
1414,151;155;162;164;178,False,5,"[151,155,162,164,178]",1
1415,151;155;177,False,3,"[151,155,177]",4
1416,151;157;158;162;178,False,5,"[151,157,158,162,178]",1
1417,151;157;177,False,3,"[151,157,177]",3
1418,151;158;159;162;178,False,5,"[151,158,159,162,178]",2
1419,151;158;159;162;178;179,False,6,"[151,158,159,162,178,179]",2
1420,151;158;159;166;178,False,5,"[151,158,159,166,178]",1
1421,151;158;159;176,False,4,"[151,158,159,176]",1
1422,151;158;162;170;178,False,5,"[151,158,162,170,178]",1
1423,151;159;162;164;178,False,5,"[151,159,162,164,178]",2
1424,151;159;162;172;178,False,5,"[151,159,162,172,178]",1
1425,151;159;177,False,3,"[151,159,177]",4
1426,151;170;172;175;178,False,5,"[151,170,172,175,178]",1
1427,152;153;177,False,3,"[152,153,177]",5
1428,152;156;177,False,3,"[152,156,177]",1
1429,152;169;177,False,3,"[152,169,177]",1
1430,153;154;155;162;178,False,5,"[153,154,155,162,178]",1
1431,153;154;155;176;179,False,5,"[153,154,155,176,179]",2
1432,153;155;158;162;178,False,5,"[153,155,158,162,178]",8
1433,153;155;158;162;178;179,False,6,"[153,155,158,162,178,179]",2
1434,153;155;158;163;178,False,5,"[153,155,158,163,178]",2
1435,153;155;158;175;178,False,5,"[153,155,158,175,178]",2
1436,153;155;158;176;179,False,5,"[153,155,158,176,179]",3
1437,153;155;160;176,False,4,"[153,155,160,176]",1
1438,153;155;164;176,False,4,"[153,155,164,176]",2
1439,153;155;177,False,3,"[153,155,177]",18
1440,153;155;177;179,False,4,"[153,155,177,179]",1
1441,153;157;177,False,3,"[153,157,177]",14
1442,153;157;177;179,False,4,"[153,157,177,179]",2
1443,153;158;159;162;178,False,5,"[153,158,159,162,178]",2
1444,153;158;159;162;178;179,False,6,"[153,158,159,162,178,179]",1
1445,153;158;159;166;178,False,5,"[153,158,159,166,178]",1
1446,153;158;159;176,False,4,"[153,158,159,176]",3
1447,153;158;162;170;178,False,5,"[153,158,162,170,178]",1
1448,153;159;161;176,False,4,"[153,159,161,176]",5
1449,153;159;162;164;178,False,5,"[153,159,162,164,178]",4
1450,153;159;162;172;178,False,5,"[153,159,162,172,178]",2
1451,153;159;172;174;178,False,5,"[153,159,172,174,178]",1
1452,153;159;177,False,3,"[153,159,177]",25
1453,153;159;177;179,False,4,"[153,159,177,179]",1
1454,153;161;165;171;178,False,5,"[153,161,165,171,178]",2
1455,153;164;170;176,False,4,"[153,164,170,176]",1
1456,153;167;177,False,3,"[153,167,177]",37
1457,153;167;177;179,False,4,"[153,167,177,179]",5
1458,153;170;172;173;178,False,5,"[153,170,172,173,178]",1
1459,153;170;177,False,3,"[153,170,177]",6
1460,153;171;177,False,3,"[153,171,177]",1
1461,155;156;158;162;178,False,5,"[155,156,158,162,178]",3
1462,155;156;158;175;178,False,5,"[155,156,158,175,178]",1
1463,155;156;162;164;178,False,5,"[155,156,162,164,178]",1
1464,155;156;177,False,3,"[155,156,177]",17
1465,155;156;177;179,False,4,"[155,156,177,179]",1
1466,155;158;163;178;196,False,5,"[155,158,163,178,196]",2
1467,155;158;175;178;196,False,5,"[155,158,175,178,196]",4
1468,155;169;177,False,3,"[155,169,177]",22
1469,156;157;177,False,3,"[156,157,177]",3
1470,156;158;159;162;178,False,5,"[156,158,159,162,178]",3
1471,156;158;159;162;178;179,False,6,"[156,158,159,162,178,179]",2
1472,156;158;159;176,False,4,"[156,158,159,176]",1
1473,156;158;162;170;178,False,5,"[156,158,162,170,178]",3
1474,156;159;162;164;178,False,5,"[156,159,162,164,178]",3
1475,156;159;177,False,3,"[156,159,177]",15
1476,156;159;177;179,False,4,"[156,159,177,179]",1
1477,156;167;177,False,3,"[156,167,177]",18
1478,156;170;172;175;178,False,5,"[156,170,172,175,178]",1
1479,156;170;177,False,3,"[156,170,177]",1
1480,157;169;177,False,3,"[157,169,177]",12
1481,157;169;177;179,False,4,"[157,169,177,179]",1
1482,158;162;170;178;196,False,5,"[158,162,170,178,196]",2
1483,159;169;177,False,3,"[159,169,177]",13
1484,164;170;176;196,False,4,"[164,170,176,196]",2
1485,167,False,1,[167],4
1486,167;168;177,False,3,"[167,168,177]",59
1487,167;168;177;179,False,4,"[167,168,177,179]",5
1488,169;170;177,False,3,"[169,170,177]",2
1489,181;182,False,2,"[181,182]",9
1490,181;184,False,2,"[181,184]",2
1491,182;183,False,2,"[182,183]",11
1492,183,False,1,[183],6
1493,183;184,False,2,"[183,184]",6
1494,184,False,1,[184],1
1495,219,False,1,[219],1
