skill_id,canonical_skill_key,is_untagged,tag_count,original_tag_ids,question_count,raw_interaction_count,supervised_interaction_count,retained_interaction_count
1,<UNTAGGED>,True,0,[],797,19430,19318,18307
2,1;2;179;181,False,4,"[1,2,179,181]",4,42249,42247,36520
3,1;2;179;183,False,4,"[1,2,179,183]",1,2511,2511,2156
4,1;2;179;184,False,4,"[1,2,179,184]",3,26689,26687,24087
5,1;2;181,False,3,"[1,2,181]",2,11415,11412,10821
6,1;2;182,False,3,"[1,2,182]",11,82230,82223,75969
7,1;2;183,False,3,"[1,2,183]",6,49073,49066,44700
8,1;2;184,False,3,"[1,2,184]",3,20711,20710,19055
9,1;2;185,False,3,"[1,2,185]",6,69359,69352,61805
10,2;3;179;181,False,4,"[2,3,179,181]",1,24983,24983,22290
11,2;3;179;182,False,4,"[2,3,179,182]",2,22985,22980,19975
12,2;3;181,False,3,"[2,3,181]",6,76909,76908,69697
13,2;3;182,False,3,"[2,3,182]",3,32232,32231,28475
14,2;3;183,False,3,"[2,3,183]",2,17906,17903,16256
15,2;3;184,False,3,"[2,3,184]",3,17244,17244,16321
16,2;3;185,False,3,"[2,3,185]",1,23075,23073,20582
17,2;4;179;182,False,4,"[2,4,179,182]",2,33166,33164,20388
18,2;4;179;183,False,4,"[2,4,179,183]",4,32474,32472,29350
19,2;4;181,False,3,"[2,4,181]",7,71189,71177,64933
20,2;4;182,False,3,"[2,4,182]",9,90849,90839,68442
21,2;4;183,False,3,"[2,4,183]",11,147396,147354,127010
22,2;4;184,False,3,"[2,4,184]",8,69034,69025,56907
23,2;4;185,False,3,"[2,4,185]",1,18078,18078,16511
24,2;5;179;181,False,4,"[2,5,179,181]",2,15182,15180,13831
25,2;5;179;182,False,4,"[2,5,179,182]",5,41215,41209,29931
26,2;5;179;183,False,4,"[2,5,179,183]",3,27008,27000,24006
27,2;5;179;184,False,4,"[2,5,179,184]",5,34986,34981,31547
28,2;5;181,False,3,"[2,5,181]",11,92576,92557,83339
29,2;5;182,False,3,"[2,5,182]",8,316951,316929,130666
30,2;5;183,False,3,"[2,5,183]",6,46417,46417,35829
31,2;5;184,False,3,"[2,5,184]",4,31758,31758,28036
32,2;8;179;181,False,4,"[2,8,179,181]",3,41915,41915,31358
33,2;8;179;182,False,4,"[2,8,179,182]",2,30366,30348,19672
34,2;8;179;183,False,4,"[2,8,179,183]",2,13640,13637,12267
35,2;8;181,False,3,"[2,8,181]",14,112473,112464,103378
36,2;8;182,False,3,"[2,8,182]",12,82422,82418,68101
37,2;8;183,False,3,"[2,8,183]",10,100533,100532,85295
38,2;8;184,False,3,"[2,8,184]",9,52774,52772,49198
39,2;8;185,False,3,"[2,8,185]",4,45978,45967,41047
40,2;9;179;181,False,4,"[2,9,179,181]",4,35266,35266,31455
41,2;9;179;182,False,4,"[2,9,179,182]",2,13583,13581,12241
42,2;9;179;184,False,4,"[2,9,179,184]",2,32821,32821,28328
43,2;9;181,False,3,"[2,9,181]",8,69935,69925,64917
44,2;9;182,False,3,"[2,9,182]",7,45343,45338,41923
45,2;9;183,False,3,"[2,9,183]",10,135781,135773,89728
46,2;9;184,False,3,"[2,9,184]",7,47985,47983,44553
47,2;9;185,False,3,"[2,9,185]",2,12726,12723,11673
48,2;12;179;182,False,4,"[2,12,179,182]",2,22298,22295,19661
49,2;12;179;184,False,4,"[2,12,179,184]",1,7041,7041,6079
50,2;12;181,False,3,"[2,12,181]",2,10857,10857,9955
51,2;12;182,False,3,"[2,12,182]",5,74932,74920,59295
52,2;12;183,False,3,"[2,12,183]",5,63816,63815,56267
53,2;12;184,False,3,"[2,12,184]",2,17467,17467,16371
54,2;12;185,False,3,"[2,12,185]",3,17983,17983,16281
55,2;13;179;181,False,4,"[2,13,179,181]",1,8439,8438,7506
56,2;13;179;182,False,4,"[2,13,179,182]",1,4955,4955,3973
57,2;13;179;183,False,4,"[2,13,179,183]",2,19019,19018,16544
58,2;13;179;184,False,4,"[2,13,179,184]",1,8572,8572,7573
59,2;13;181,False,3,"[2,13,181]",6,83930,83916,75171
60,2;13;183,False,3,"[2,13,183]",2,36918,36913,32856
61,2;13;184,False,3,"[2,13,184]",3,21730,21729,20601
62,2;13;185,False,3,"[2,13,185]",1,15840,15840,14020
63,2;14;179;181,False,4,"[2,14,179,181]",1,22949,22945,12741
64,2;14;179;182,False,4,"[2,14,179,182]",5,60062,60053,53814
65,2;14;179;183,False,4,"[2,14,179,183]",1,47011,47010,34747
66,2;14;181,False,3,"[2,14,181]",7,69604,69598,55054
67,2;14;182,False,3,"[2,14,182]",7,41923,41921,37907
68,2;14;183,False,3,"[2,14,183]",9,74881,74873,67399
69,2;14;184,False,3,"[2,14,184]",3,23117,23115,21511
70,2;14;185,False,3,"[2,14,185]",1,17880,17878,16092
71,2;15;179;181,False,4,"[2,15,179,181]",1,9794,9794,8430
72,2;15;179;182,False,4,"[2,15,179,182]",2,45835,45835,34774
73,2;15;179;183,False,4,"[2,15,179,183]",1,11465,11462,10341
74,2;15;181,False,3,"[2,15,181]",6,70889,70882,63170
75,2;15;182,False,3,"[2,15,182]",3,23449,23443,21633
76,2;15;183,False,3,"[2,15,183]",4,42394,42390,38591
77,2;15;184,False,3,"[2,15,184]",2,15237,15235,13709
78,2;15;185,False,3,"[2,15,185]",3,36726,36723,33179
79,2;16;179;181,False,4,"[2,16,179,181]",4,52746,52742,45923
80,2;16;179;182,False,4,"[2,16,179,182]",1,5617,5613,4996
81,2;16;179;183,False,4,"[2,16,179,183]",1,5950,5950,5327
82,2;16;181,False,3,"[2,16,181]",5,54360,54360,48596
83,2;16;182,False,3,"[2,16,182]",2,13095,13095,12360
84,2;16;183,False,3,"[2,16,183]",8,82625,82624,65436
85,2;16;184,False,3,"[2,16,184]",2,10912,10912,10261
86,2;16;185,False,3,"[2,16,185]",1,7746,7746,7173
87,2;19;181,False,3,"[2,19,181]",5,56943,56938,51653
88,2;19;182,False,3,"[2,19,182]",6,45897,45894,43143
89,2;19;183,False,3,"[2,19,183]",4,47813,47813,41745
90,2;19;184,False,3,"[2,19,184]",7,99846,99843,83124
91,2;19;185,False,3,"[2,19,185]",1,31944,31942,27812
92,2;22;179;182,False,4,"[2,22,179,182]",1,10071,10063,8803
93,2;22;179;183,False,4,"[2,22,179,183]",1,2541,2541,2150
94,2;22;181,False,3,"[2,22,181]",7,46156,45878,41709
95,2;22;182,False,3,"[2,22,182]",4,53745,53744,40894
96,2;22;183,False,3,"[2,22,183]",8,72933,72933,64605
97,2;22;184,False,3,"[2,22,184]",6,35269,35267,32522
98,2;22;185,False,3,"[2,22,185]",3,21319,21317,18086
99,2;180;181,False,3,"[2,180,181]",1,8390,8390,7870
100,2;180;182,False,3,"[2,180,182]",2,14621,14621,13692
101,2;180;183,False,3,"[2,180,183]",5,73736,73736,57253
102,2;180;184,False,3,"[2,180,184]",2,17902,17900,16334
103,6;7;179;181,False,4,"[6,7,179,181]",1,8706,8703,8049
104,6;7;179;182,False,4,"[6,7,179,182]",3,30422,30419,28272
105,6;7;179;183,False,4,"[6,7,179,183]",3,27427,27427,25113
106,6;7;181,False,3,"[6,7,181]",18,193220,193110,163569
107,6;7;182,False,3,"[6,7,182]",16,143862,143849,124750
108,6;7;183,False,3,"[6,7,183]",22,398775,398702,209657
109,6;7;184,False,3,"[6,7,184]",19,124355,124348,115943
110,6;7;185,False,3,"[6,7,185]",5,42087,42077,35985
111,7;10;179;181,False,4,"[7,10,179,181]",1,9366,9364,8406
112,7;10;179;182,False,4,"[7,10,179,182]",2,11891,11888,10606
113,7;10;179;183,False,4,"[7,10,179,183]",3,26469,26464,23062
114,7;10;181,False,3,"[7,10,181]",10,73573,73565,66488
115,7;10;182,False,3,"[7,10,182]",6,54885,54877,49536
116,7;10;183,False,3,"[7,10,183]",4,39112,39106,35806
117,7;10;184,False,3,"[7,10,184]",4,35181,35181,32591
118,7;10;185,False,3,"[7,10,185]",2,30010,30005,26740
119,7;11;179;183,False,4,"[7,11,179,183]",1,54388,54387,40044
120,7;11;181,False,3,"[7,11,181]",8,113394,113267,103043
121,7;11;182,False,3,"[7,11,182]",3,20176,20173,19075
122,7;11;183,False,3,"[7,11,183]",10,366885,366881,182063
123,7;11;184,False,3,"[7,11,184]",2,14094,14090,13231
124,7;12;183,False,3,"[7,12,183]",1,6584,6584,6246
125,7;17;179;182,False,4,"[7,17,179,182]",2,37731,37731,27490
126,7;17;179;183,False,4,"[7,17,179,183]",1,12627,12627,11295
127,7;17;179;184,False,4,"[7,17,179,184]",1,11864,11864,10407
128,7;17;181,False,3,"[7,17,181]",5,45786,45783,41170
129,7;17;182,False,3,"[7,17,182]",8,131409,131372,109936
130,7;17;183,False,3,"[7,17,183]",10,118770,118765,107114
131,7;17;184,False,3,"[7,17,184]",3,47224,47220,43173
132,7;17;185,False,3,"[7,17,185]",1,18167,18167,16108
133,7;18;179;182,False,4,"[7,18,179,182]",1,44433,44432,23521
134,7;18;179;183,False,4,"[7,18,179,183]",1,23695,23695,21436
135,7;18;181,False,3,"[7,18,181]",10,83861,83855,76200
136,7;18;182,False,3,"[7,18,182]",3,21132,21131,18279
137,7;18;183,False,3,"[7,18,183]",5,54433,54432,48843
138,7;18;184,False,3,"[7,18,184]",4,54487,54485,43042
139,7;18;185,False,3,"[7,18,185]",2,38177,38164,33168
140,20;21;179;183,False,4,"[20,21,179,183]",2,38730,38727,33784
141,20;21;179;184,False,4,"[20,21,179,184]",3,64944,64933,51485
142,20;21;181,False,3,"[20,21,181]",6,66584,66567,61698
143,20;21;182,False,3,"[20,21,182]",3,62310,62301,55394
144,20;21;183,False,3,"[20,21,183]",1,20170,20168,17696
145,20;21;184,False,3,"[20,21,184]",2,14872,14814,13916
146,20;21;185,False,3,"[20,21,185]",6,132417,132387,115044
147,23;24;25;179;181;182,False,6,"[23,24,25,179,181,182]",1,11262,11260,10223
148,23;24;25;179;181;185,False,6,"[23,24,25,179,181,185]",1,12467,12467,11294
149,23;24;25;179;183;185,False,6,"[23,24,25,179,183,185]",2,14538,14538,12061
150,23;24;25;181;182,False,5,"[23,24,25,181,182]",2,26363,26359,23891
151,23;24;25;181;183,False,5,"[23,24,25,181,183]",10,166480,166462,147493
152,23;24;25;181;184,False,5,"[23,24,25,181,184]",3,34607,34606,30502
153,23;24;25;181;185,False,5,"[23,24,25,181,185]",3,78611,78611,67501
154,23;24;25;182;183,False,5,"[23,24,25,182,183]",2,25002,25001,22081
155,23;24;25;182;184,False,5,"[23,24,25,182,184]",2,35364,35362,32214
156,23;24;25;183;184,False,5,"[23,24,25,183,184]",2,26779,26779,24802
157,23;24;25;183;185,False,5,"[23,24,25,183,185]",2,48482,48481,42633
158,23;24;33;179;183;185,False,6,"[23,24,33,179,183,185]",1,19227,19226,15203
159,23;24;33;181;182,False,5,"[23,24,33,181,182]",3,43586,43583,37985
160,23;24;33;181;183,False,5,"[23,24,33,181,183]",4,62856,62855,57933
161,23;24;33;181;184,False,5,"[23,24,33,181,184]",2,50446,50440,46820
162,23;24;33;181;185,False,5,"[23,24,33,181,185]",3,71527,71525,65459
163,23;24;33;182;184,False,5,"[23,24,33,182,184]",2,31461,31461,28950
164,23;24;33;183;184,False,5,"[23,24,33,183,184]",1,179,179,159
165,23;24;33;183;185,False,5,"[23,24,33,183,185]",1,11921,11920,10563
166,23;24;33;184;185,False,5,"[23,24,33,184,185]",1,13276,13274,11703
167,23;28;47;179;181;183,False,6,"[23,28,47,179,181,183]",1,20071,20064,17699
168,23;46;47;181;185,False,5,"[23,46,47,181,185]",1,41236,41234,35380
169,24;25;27;179;182;184,False,6,"[24,25,27,179,182,184]",1,17299,17299,15847
170,24;25;27;181;183,False,5,"[24,25,27,181,183]",1,13209,13206,12369
171,24;25;27;181;184,False,5,"[24,25,27,181,184]",1,9456,9456,8746
172,24;25;27;183;184,False,5,"[24,25,27,183,184]",1,10913,10913,10060
173,24;25;27;183;185,False,5,"[24,25,27,183,185]",1,10981,10979,10199
174,24;25;30;181;182,False,5,"[24,25,30,181,182]",1,59134,59134,53701
175,24;25;30;181;183,False,5,"[24,25,30,181,183]",1,9198,9197,8521
176,24;25;30;181;185,False,5,"[24,25,30,181,185]",2,26693,26690,22192
177,24;25;30;182;183,False,5,"[24,25,30,182,183]",1,15434,15431,14419
178,24;25;179;181;183,False,5,"[24,25,179,181,183]",2,16312,16306,14797
179,24;25;181;182,False,4,"[24,25,181,182]",11,34626,34623,32082
180,24;25;181;183,False,4,"[24,25,181,183]",7,76923,76885,68676
181,24;25;181;184,False,4,"[24,25,181,184]",10,36294,36293,32318
182,24;25;181;185,False,4,"[24,25,181,185]",3,15393,15389,14001
183,24;25;182;183,False,4,"[24,25,182,183]",17,130464,130461,119057
184,24;25;182;184,False,4,"[24,25,182,184]",2,16445,16441,15222
185,24;25;183;184,False,4,"[24,25,183,184]",9,29514,29506,28033
186,24;25;183;185,False,4,"[24,25,183,185]",4,63922,63921,56457
187,24;26;27;179;181;184,False,6,"[24,26,27,179,181,184]",1,11517,11517,10145
188,24;26;27;181;183,False,5,"[24,26,27,181,183]",3,35074,35072,31917
189,24;26;27;181;185,False,5,"[24,26,27,181,185]",3,62241,62217,53410
190,24;26;27;182;183,False,5,"[24,26,27,182,183]",2,10986,10985,10198
191,24;26;27;182;184,False,5,"[24,26,27,182,184]",1,15048,15048,13983
192,24;26;27;183;184,False,5,"[24,26,27,183,184]",1,12122,12122,10868
193,24;26;27;183;185,False,5,"[24,26,27,183,185]",3,55330,55317,50237
194,24;26;30;181;183,False,5,"[24,26,30,181,183]",3,29211,29206,26337
195,24;26;30;182;183,False,5,"[24,26,30,182,183]",1,21612,21612,19982
196,24;26;51;181;183,False,5,"[24,26,51,181,183]",1,72716,72716,64906
197,24;26;51;181;185,False,5,"[24,26,51,181,185]",1,60752,60749,55343
198,24;26;51;182;183,False,5,"[24,26,51,182,183]",1,68163,68163,60433
199,24;26;179;181;185,False,5,"[24,26,179,181,185]",1,7587,7587,6815
200,24;26;181;182,False,4,"[24,26,181,182]",19,60048,60039,55667
201,24;26;181;183,False,4,"[24,26,181,183]",6,37669,37654,34476
202,24;26;181;184,False,4,"[24,26,181,184]",13,45027,45015,42281
203,24;26;181;185,False,4,"[24,26,181,185]",3,19066,19062,17414
204,24;26;182;183,False,4,"[24,26,182,183]",17,49266,49257,45292
205,24;26;182;184,False,4,"[24,26,182,184]",7,253069,253066,95893
206,24;26;183;184,False,4,"[24,26,183,184]",11,99032,99024,90763
207,24;26;183;185,False,4,"[24,26,183,185]",10,93858,93812,81028
208,24;26;184;185,False,4,"[24,26,184,185]",4,29595,29594,27048
209,24;27;33;182;183,False,5,"[24,27,33,182,183]",2,22596,22596,20278
210,24;27;40;181;182,False,5,"[24,27,40,181,182]",1,1152,1152,1104
211,24;27;40;181;183,False,5,"[24,27,40,181,183]",2,24505,24504,21905
212,24;27;40;181;184,False,5,"[24,27,40,181,184]",1,9788,9782,9085
213,24;27;40;183;185,False,5,"[24,27,40,183,185]",2,24977,24977,20386
214,24;27;41;179;181;185,False,6,"[24,27,41,179,181,185]",1,11485,11480,10439
215,24;27;41;181;182,False,5,"[24,27,41,181,182]",1,15156,15155,13951
216,24;27;41;181;183,False,5,"[24,27,41,181,183]",1,29501,29501,26774
217,24;27;41;181;185,False,5,"[24,27,41,181,185]",1,25260,25260,23813
218,24;27;43;181;182,False,5,"[24,27,43,181,182]",1,16879,16878,14760
219,24;27;43;181;184,False,5,"[24,27,43,181,184]",1,17218,17218,16381
220,24;27;43;183;185,False,5,"[24,27,43,183,185]",2,24531,24521,22466
221,24;27;48;181;182,False,5,"[24,27,48,181,182]",1,15287,15287,13517
222,24;27;48;183;184,False,5,"[24,27,48,183,184]",1,14742,14742,12986
223,24;27;50;183;185,False,5,"[24,27,50,183,185]",1,19666,19663,17723
224,24;30;33;181;183,False,5,"[24,30,33,181,183]",1,34297,34292,29830
225,24;30;33;181;184,False,5,"[24,30,33,181,184]",2,20177,20177,17619
226,24;30;33;181;185,False,5,"[24,30,33,181,185]",2,21505,21497,20094
227,24;30;33;183;185,False,5,"[24,30,33,183,185]",2,31571,31570,21271
228,24;30;40;181;183,False,5,"[24,30,40,181,183]",1,6738,6738,6252
229,24;30;40;181;185,False,5,"[24,30,40,181,185]",1,8676,8676,8103
230,24;30;40;182;183,False,5,"[24,30,40,182,183]",1,7202,7201,6742
231,24;30;40;183;184,False,5,"[24,30,40,183,184]",1,11683,11682,10993
232,24;30;40;183;185,False,5,"[24,30,40,183,185]",1,8982,8982,8392
233,24;30;41;182;183,False,5,"[24,30,41,182,183]",1,12136,12134,11508
234,24;30;41;183;184,False,5,"[24,30,41,183,184]",1,156,156,154
235,24;30;43;182;183,False,5,"[24,30,43,182,183]",1,9600,9598,9029
236,24;30;43;182;184,False,5,"[24,30,43,182,184]",1,146,146,146
237,24;30;43;183;184,False,5,"[24,30,43,183,184]",1,14780,14780,13106
238,24;30;43;183;185,False,5,"[24,30,43,183,185]",1,20845,20838,18796
239,24;30;45;183;184,False,5,"[24,30,45,183,184]",1,12085,12085,10171
240,24;30;48;181;182,False,5,"[24,30,48,181,182]",1,21726,21725,14060
241,24;30;50;183;185,False,5,"[24,30,50,183,185]",2,21023,21023,19305
242,24;33;51;181;182,False,5,"[24,33,51,181,182]",1,2211,2211,2068
243,24;33;51;181;183,False,5,"[24,33,51,181,183]",2,106347,106340,91178
244,24;33;51;181;185,False,5,"[24,33,51,181,185]",1,51274,51274,44951
245,24;33;51;182;183,False,5,"[24,33,51,182,183]",1,54343,54342,45450
246,24;33;179;181;183,False,5,"[24,33,179,181,183]",2,25551,25540,22946
247,24;33;181;182,False,4,"[24,33,181,182]",17,49184,49180,39103
248,24;33;181;183,False,4,"[24,33,181,183]",7,59657,59627,52813
249,24;33;181;184,False,4,"[24,33,181,184]",10,35541,35534,33127
250,24;33;181;185,False,4,"[24,33,181,185]",4,71941,71924,64385
251,24;33;182;183,False,4,"[24,33,182,183]",17,109905,109894,101386
252,24;33;182;184,False,4,"[24,33,182,184]",4,30935,30929,25871
253,24;33;183;184,False,4,"[24,33,183,184]",5,63954,63950,60018
254,24;33;183;185,False,4,"[24,33,183,185]",5,34145,34137,31961
255,24;33;184;185,False,4,"[24,33,184,185]",2,18930,18926,17112
256,24;40;179;181;183,False,5,"[24,40,179,181,183]",1,8418,8417,7676
257,24;40;179;182;183,False,5,"[24,40,179,182,183]",1,7438,7438,6742
258,24;40;181;182,False,4,"[24,40,181,182]",24,135956,135950,122959
259,24;40;181;183,False,4,"[24,40,181,183]",12,110952,110922,101091
260,24;40;181;184,False,4,"[24,40,181,184]",18,90654,90638,82072
261,24;40;181;185,False,4,"[24,40,181,185]",17,164839,164788,153405
262,24;40;182;183,False,4,"[24,40,182,183]",12,70345,70307,60999
263,24;40;182;184,False,4,"[24,40,182,184]",10,69269,69257,64034
264,24;40;183;184,False,4,"[24,40,183,184]",5,89405,89404,55394
265,24;40;183;185,False,4,"[24,40,183,185]",9,121198,121097,109538
266,24;40;184;185,False,4,"[24,40,184,185]",1,9112,9112,7516
267,24;41;179;181;184,False,5,"[24,41,179,181,184]",1,20781,20772,19176
268,24;41;179;183;185,False,5,"[24,41,179,183,185]",1,10035,10035,9056
269,24;41;181;182,False,4,"[24,41,181,182]",13,59426,59425,54170
270,24;41;181;183,False,4,"[24,41,181,183]",5,32001,32001,29314
271,24;41;181;184,False,4,"[24,41,181,184]",7,40534,40532,37908
272,24;41;181;185,False,4,"[24,41,181,185]",10,102635,102619,93611
273,24;41;182;183,False,4,"[24,41,182,183]",8,95575,95568,88426
274,24;41;182;184,False,4,"[24,41,182,184]",2,19560,19560,17865
275,24;41;183;184,False,4,"[24,41,183,184]",6,72692,72684,65861
276,24;41;183;185,False,4,"[24,41,183,185]",5,81389,81321,74074
277,24;41;184;185,False,4,"[24,41,184,185]",1,725,725,659
278,24;43;179;182;184,False,5,"[24,43,179,182,184]",1,11341,11339,10502
279,24;43;179;183;185,False,5,"[24,43,179,183,185]",1,11938,11937,10867
280,24;43;181;182,False,4,"[24,43,181,182]",18,71173,71110,66287
281,24;43;181;183,False,4,"[24,43,181,183]",7,107897,107874,77993
282,24;43;181;184,False,4,"[24,43,181,184]",19,137578,137562,124170
283,24;43;181;185,False,4,"[24,43,181,185]",5,53396,53381,43843
284,24;43;182;183,False,4,"[24,43,182,183]",19,60931,60923,56440
285,24;43;182;184,False,4,"[24,43,182,184]",6,65347,65331,59443
286,24;43;183;184,False,4,"[24,43,183,184]",6,43168,43164,39581
287,24;43;183;185,False,4,"[24,43,183,185]",7,62514,62507,57409
288,24;43;184;185,False,4,"[24,43,184,185]",2,29327,29327,23146
289,24;45;179;181;184,False,5,"[24,45,179,181,184]",1,10074,10072,9021
290,24;48;179;181;183,False,5,"[24,48,179,181,183]",1,12824,12822,11459
291,24;48;179;183;184,False,5,"[24,48,179,183,184]",1,12553,12553,11006
292,24;48;181;182,False,4,"[24,48,181,182]",7,8175,8175,7890
293,24;48;181;183,False,4,"[24,48,181,183]",6,89621,89616,80051
294,24;48;181;184,False,4,"[24,48,181,184]",7,69955,69952,63313
295,24;48;181;185,False,4,"[24,48,181,185]",4,98067,98064,86566
296,24;48;182;183,False,4,"[24,48,182,183]",5,58317,58315,51289
297,24;48;182;184,False,4,"[24,48,182,184]",3,40849,40836,36955
298,24;48;183;184,False,4,"[24,48,183,184]",4,30310,30307,28079
299,24;48;183;185,False,4,"[24,48,183,185]",1,17895,17892,16404
300,24;50;179;181;183,False,5,"[24,50,179,181,183]",1,373,373,367
301,24;50;179;183;184,False,5,"[24,50,179,183,184]",1,17090,17090,13402
302,24;50;181;182,False,4,"[24,50,181,182]",6,7065,7065,6777
303,24;50;181;183,False,4,"[24,50,181,183]",5,65761,65756,60815
304,24;50;181;184,False,4,"[24,50,181,184]",12,103122,103113,94617
305,24;50;181;185,False,4,"[24,50,181,185]",3,43220,43210,38931
306,24;50;182;183,False,4,"[24,50,182,183]",12,116902,116879,108194
307,24;50;182;184,False,4,"[24,50,182,184]",5,60832,60820,55467
308,24;50;183;184,False,4,"[24,50,183,184]",5,36639,36632,34091
309,24;50;183;185,False,4,"[24,50,183,185]",3,52306,52298,44380
310,24;50;184;185,False,4,"[24,50,184,185]",5,128768,128751,81806
311,27;28;29;179;181;184,False,6,"[27,28,29,179,181,184]",1,16769,16769,14895
312,27;28;29;181;184,False,5,"[27,28,29,181,184]",1,1138,1138,1092
313,27;28;29;183;185,False,5,"[27,28,29,183,185]",1,29415,29414,26929
314,27;28;45;179;181;182,False,6,"[27,28,45,179,181,182]",1,13167,13167,11849
315,27;28;45;181;185,False,5,"[27,28,45,181,185]",1,39848,39847,35479
316,27;28;45;182;184,False,5,"[27,28,45,182,184]",1,25502,25502,20826
317,27;31;32;181;185,False,5,"[27,31,32,181,185]",1,13312,13310,11996
318,27;34;35;181;182,False,5,"[27,34,35,181,182]",1,11977,11976,11142
319,27;34;42;181;183,False,5,"[27,34,42,181,183]",1,21951,21946,20238
320,27;34;42;182;184,False,5,"[27,34,42,182,184]",1,29554,29546,27298
321,27;36;37;181;183,False,5,"[27,36,37,181,183]",2,45158,45150,41213
322,27;36;37;182;183,False,5,"[27,36,37,182,183]",1,1196,1196,1141
323,27;36;37;182;184,False,5,"[27,36,37,182,184]",1,17856,17856,16475
324,27;36;37;183;184,False,5,"[27,36,37,183,184]",2,16125,16124,14475
325,27;37;38;181;182,False,5,"[27,37,38,181,182]",1,32497,32496,29609
326,27;38;39;179;181;184,False,6,"[27,38,39,179,181,184]",1,14634,14633,13260
327,27;38;39;182;183,False,5,"[27,38,39,182,183]",1,16924,16924,14472
328,27;38;39;184;185,False,5,"[27,38,39,184,185]",1,16109,16107,14226
329,27;44;45;179;181;182,False,6,"[27,44,45,179,181,182]",1,16138,16137,14524
330,27;44;45;179;184;185,False,6,"[27,44,45,179,184,185]",1,15278,15278,13886
331,27;44;45;181;183,False,5,"[27,44,45,181,183]",1,15476,15472,12845
332,27;44;45;182;184,False,5,"[27,44,45,182,184]",2,52243,52241,46833
333,27;44;45;183;184,False,5,"[27,44,45,183,184]",1,1122,1122,1079
334,27;44;49;181;184,False,5,"[27,44,49,181,184]",1,122851,122850,85567
335,27;46;47;181;183,False,5,"[27,46,47,181,183]",2,83959,83954,75967
336,27;46;47;182;183,False,5,"[27,46,47,182,183]",1,22995,22987,20341
337,27;46;47;183;184,False,5,"[27,46,47,183,184]",1,22278,22274,19813
338,28;29;30;179;181;184,False,6,"[28,29,30,179,181,184]",1,12265,12265,11194
339,28;29;30;179;182;183,False,6,"[28,29,30,179,182,183]",1,10971,10970,10169
340,28;29;30;179;184;185,False,6,"[28,29,30,179,184,185]",1,11087,11087,9948
341,28;29;30;181;182,False,5,"[28,29,30,181,182]",3,31012,31009,27737
342,28;29;30;181;183,False,5,"[28,29,30,181,183]",1,10830,10830,9916
343,28;29;30;181;184,False,5,"[28,29,30,181,184]",1,11076,11074,10062
344,28;29;30;181;185,False,5,"[28,29,30,181,185]",3,65156,65153,54257
345,28;29;30;182;184,False,5,"[28,29,30,182,184]",2,33612,33611,31541
346,28;29;30;183;184,False,5,"[28,29,30,183,184]",1,11310,11309,10498
347,28;29;30;183;185,False,5,"[28,29,30,183,185]",1,10290,10283,9658
348,28;29;30;184;185,False,5,"[28,29,30,184,185]",3,94925,94905,79088
349,28;29;179;181;184,False,5,"[28,29,179,181,184]",1,12811,12811,11697
350,28;29;179;181;185,False,5,"[28,29,179,181,185]",2,34879,34873,31569
351,28;29;179;182;183,False,5,"[28,29,179,182,183]",1,10383,10379,9589
352,28;29;179;182;184,False,5,"[28,29,179,182,184]",3,42332,42329,38317
353,28;29;179;183;184,False,5,"[28,29,179,183,184]",3,80543,80541,70918
354,28;29;181;182,False,4,"[28,29,181,182]",12,49557,49543,45919
355,28;29;181;183,False,4,"[28,29,181,183]",16,144895,144868,133530
356,28;29;181;184,False,4,"[28,29,181,184]",21,126393,126367,117815
357,28;29;181;185,False,4,"[28,29,181,185]",7,71847,71842,67489
358,28;29;182;183,False,4,"[28,29,182,183]",9,50385,50377,46795
359,28;29;182;184,False,4,"[28,29,182,184]",1,17814,17812,17108
360,28;29;183;184,False,4,"[28,29,183,184]",15,143518,143510,123397
361,28;29;183;185,False,4,"[28,29,183,185]",7,91948,91915,85844
362,28;29;184;185,False,4,"[28,29,184,185]",1,8910,8908,8312
363,28;30;37;181;182,False,5,"[28,30,37,181,182]",1,15745,15745,14998
364,28;30;37;182;184,False,5,"[28,30,37,182,184]",1,9874,9870,9135
365,28;30;37;183;185,False,5,"[28,30,37,183,185]",1,13996,13987,13259
366,28;30;47;179;181;182,False,6,"[28,30,47,179,181,182]",1,24176,24175,22505
367,28;30;49;181;182,False,5,"[28,30,49,181,182]",1,41962,41961,35461
368,28;32;181;183,False,4,"[28,32,181,183]",1,10645,10644,9848
369,28;32;181;184,False,4,"[28,32,181,184]",1,11080,11080,10395
370,28;32;183;185,False,4,"[28,32,183,185]",2,18341,18341,16958
371,28;35;183;184,False,4,"[28,35,183,184]",1,16266,16265,15165
372,28;37;181;183,False,4,"[28,37,181,183]",1,17118,17115,16414
373,28;37;181;184,False,4,"[28,37,181,184]",2,26545,26538,25161
374,28;37;182;183,False,4,"[28,37,182,183]",1,14171,14171,12665
375,28;37;183;184,False,4,"[28,37,183,184]",1,11783,11778,11331
376,28;42;181;183,False,4,"[28,42,181,183]",1,17102,17101,15986
377,28;42;183;185,False,4,"[28,42,183,185]",1,10288,10286,9393
378,28;43;181;183,False,4,"[28,43,181,183]",1,8457,8451,7826
379,28;45;183;184,False,4,"[28,45,183,184]",2,21303,21299,20096
380,30;31;32;179;181;183,False,6,"[30,31,32,179,181,183]",2,21073,21073,18573
381,30;31;32;179;181;185,False,6,"[30,31,32,179,181,185]",2,9228,9225,8464
382,30;31;32;179;182;184,False,6,"[30,31,32,179,182,184]",1,9670,9670,8776
383,30;31;32;179;184;185,False,6,"[30,31,32,179,184,185]",1,10041,10041,9172
384,30;31;32;181;182,False,5,"[30,31,32,181,182]",1,7176,7174,6694
385,30;31;32;181;183,False,5,"[30,31,32,181,183]",3,25628,25628,21372
386,30;31;32;181;184,False,5,"[30,31,32,181,184]",5,43885,43879,40396
387,30;31;32;181;185,False,5,"[30,31,32,181,185]",4,87635,87627,45492
388,30;31;32;182;183,False,5,"[30,31,32,182,183]",3,18172,18172,16783
389,30;31;32;182;184,False,5,"[30,31,32,182,184]",2,13336,13334,12524
390,30;31;32;183;184,False,5,"[30,31,32,183,184]",3,39144,39133,37011
391,30;31;32;183;185,False,5,"[30,31,32,183,185]",2,27540,27540,24956
392,30;31;42;181;182,False,5,"[30,31,42,181,182]",1,1007,1007,922
393,30;31;42;182;184,False,5,"[30,31,42,182,184]",1,11102,11102,10006
394,30;31;42;183;184,False,5,"[30,31,42,183,184]",2,18843,18840,17411
395,30;31;42;183;185,False,5,"[30,31,42,183,185]",1,13435,13433,12460
396,30;31;49;182;184,False,5,"[30,31,49,182,184]",1,27274,27272,24070
397,30;32;36;182;183,False,5,"[30,32,36,182,183]",1,12027,12025,11213
398,30;32;36;183;185,False,5,"[30,32,36,183,185]",2,25295,25290,22597
399,30;34;35;179;181;184,False,6,"[30,34,35,179,181,184]",1,11238,11236,10237
400,30;34;35;179;182;183,False,6,"[30,34,35,179,182,183]",2,27622,27616,25057
401,30;34;35;179;183;185,False,6,"[30,34,35,179,183,185]",1,29276,29276,26196
402,30;34;35;181;182,False,5,"[30,34,35,181,182]",3,49720,49701,45151
403,30;34;35;181;183,False,5,"[30,34,35,181,183]",3,27909,27907,25740
404,30;34;35;181;184,False,5,"[30,34,35,181,184]",3,67860,67846,61025
405,30;34;35;181;185,False,5,"[30,34,35,181,185]",6,52115,52101,47223
406,30;34;35;182;183,False,5,"[30,34,35,182,183]",6,50763,50762,47085
407,30;34;35;182;184,False,5,"[30,34,35,182,184]",5,71206,71199,56188
408,30;34;35;183;184,False,5,"[30,34,35,183,184]",3,70076,70076,60175
409,30;34;35;183;185,False,5,"[30,34,35,183,185]",3,55018,55012,36969
410,30;34;35;184;185,False,5,"[30,34,35,184,185]",1,32993,32991,28363
411,30;34;42;179;181;185,False,6,"[30,34,42,179,181,185]",1,15564,15564,13103
412,30;34;42;181;182,False,5,"[30,34,42,181,182]",4,58202,58198,51988
413,30;34;42;181;183,False,5,"[30,34,42,181,183]",2,35352,35351,30065
414,30;34;42;181;184,False,5,"[30,34,42,181,184]",3,21456,21453,19827
415,30;34;42;181;185,False,5,"[30,34,42,181,185]",4,46493,46485,42607
416,30;34;42;182;183,False,5,"[30,34,42,182,183]",3,43637,43633,40106
417,30;34;42;183;184,False,5,"[30,34,42,183,184]",2,13898,13896,12789
418,30;34;42;184;185,False,5,"[30,34,42,184,185]",1,29006,28994,26700
419,30;36;37;181;182,False,5,"[30,36,37,181,182]",1,11446,11442,10797
420,30;36;37;181;183,False,5,"[30,36,37,181,183]",3,37954,37943,34849
421,30;36;37;181;184,False,5,"[30,36,37,181,184]",3,38888,38886,34971
422,30;36;37;181;185,False,5,"[30,36,37,181,185]",1,15148,15148,13725
423,30;36;37;182;183,False,5,"[30,36,37,182,183]",1,13125,13124,12172
424,30;36;37;183;184,False,5,"[30,36,37,183,184]",1,30624,30615,28032
425,30;36;37;183;185,False,5,"[30,36,37,183,185]",4,63903,63891,57961
426,30;38;39;179;181;183,False,6,"[30,38,39,179,181,183]",1,11444,11444,10412
427,30;38;39;179;181;184,False,6,"[30,38,39,179,181,184]",1,23580,23580,19669
428,30;38;39;179;182;184,False,6,"[30,38,39,179,182,184]",1,13354,13354,12161
429,30;38;39;179;183;185,False,6,"[30,38,39,179,183,185]",2,24163,24155,22032
430,30;38;39;181;182,False,5,"[30,38,39,181,182]",3,24343,24342,20679
431,30;38;39;181;183,False,5,"[30,38,39,181,183]",2,12494,12493,11622
432,30;38;39;181;184,False,5,"[30,38,39,181,184]",1,12937,12937,11722
433,30;38;39;181;185,False,5,"[30,38,39,181,185]",1,11640,11638,10649
434,30;38;39;182;184,False,5,"[30,38,39,182,184]",3,43862,43849,40293
435,30;38;39;183;184,False,5,"[30,38,39,183,184]",2,37121,37118,34716
436,30;44;45;181;182,False,5,"[30,44,45,181,182]",2,43225,43220,40451
437,30;44;45;181;183,False,5,"[30,44,45,181,183]",1,18898,18892,17635
438,30;44;45;181;184,False,5,"[30,44,45,181,184]",1,12530,12530,11492
439,30;44;45;181;185,False,5,"[30,44,45,181,185]",1,21188,21182,13465
440,30;44;45;182;183,False,5,"[30,44,45,182,183]",1,19618,19615,18160
441,30;44;45;182;184,False,5,"[30,44,45,182,184]",1,29823,29823,28009
442,30;44;45;183;184,False,5,"[30,44,45,183,184]",1,23631,23631,20965
443,30;44;49;181;184,False,5,"[30,44,49,181,184]",1,130101,130100,91954
444,30;44;49;182;183,False,5,"[30,44,49,182,183]",2,245249,245247,170699
445,30;44;49;183;184,False,5,"[30,44,49,183,184]",1,122254,122254,85073
446,30;46;47;179;183;185,False,6,"[30,46,47,179,183,185]",1,28874,28869,26527
447,30;46;47;181;184,False,5,"[30,46,47,181,184]",1,39089,39086,34934
448,31;32;179;181;183,False,5,"[31,32,179,181,183]",1,8868,8868,8128
449,31;32;179;181;184,False,5,"[31,32,179,181,184]",1,14235,14232,12875
450,31;32;179;181;185,False,5,"[31,32,179,181,185]",1,11673,11671,10814
451,31;32;179;182;184,False,5,"[31,32,179,182,184]",1,9903,9902,8931
452,31;32;179;183;184,False,5,"[31,32,179,183,184]",1,8884,8879,8206
453,31;32;179;183;185,False,5,"[31,32,179,183,185]",5,48060,48054,44777
454,31;32;181;182,False,4,"[31,32,181,182]",14,110242,110204,102082
455,31;32;181;183,False,4,"[31,32,181,183]",10,92957,92919,82700
456,31;32;181;184,False,4,"[31,32,181,184]",17,117839,117804,109970
457,31;32;181;185,False,4,"[31,32,181,185]",12,99123,99086,86981
458,31;32;182;183,False,4,"[31,32,182,183]",23,202363,202334,187164
459,31;32;182;184,False,4,"[31,32,182,184]",10,83475,83468,78432
460,31;32;183;184,False,4,"[31,32,183,184]",34,118271,118237,108363
461,31;32;183;185,False,4,"[31,32,183,185]",28,267032,266965,234907
462,31;32;184;185,False,4,"[31,32,184,185]",5,47387,47370,44462
463,31;37;182;184,False,4,"[31,37,182,184]",1,33439,33437,30409
464,31;42;181;183,False,4,"[31,42,181,183]",3,49433,49432,45625
465,31;42;181;185,False,4,"[31,42,181,185]",1,17549,17548,16083
466,31;42;182;183,False,4,"[31,42,182,183]",1,1156,1156,1116
467,31;42;183;184,False,4,"[31,42,183,184]",2,11851,11849,10552
468,31;42;183;185,False,4,"[31,42,183,185]",2,36325,36323,32395
469,31;45;179;182;183,False,5,"[31,45,179,182,183]",1,10457,10452,9496
470,31;45;181;183,False,4,"[31,45,181,183]",1,8216,8210,7710
471,31;45;182;184,False,4,"[31,45,182,184]",1,41795,41786,37157
472,31;49;183;184,False,4,"[31,49,183,184]",2,2255,2255,2175
473,32;34;181;182,False,4,"[32,34,181,182]",1,13041,13040,10853
474,32;36;181;182,False,4,"[32,36,181,182]",1,10843,10840,10179
475,32;36;181;185,False,4,"[32,36,181,185]",1,16299,16298,12499
476,34;35;179;181;182,False,5,"[34,35,179,181,182]",1,10084,10081,9290
477,34;35;179;181;183,False,5,"[34,35,179,181,183]",2,17634,17632,16451
478,34;35;179;181;184,False,5,"[34,35,179,181,184]",1,14925,14924,13515
479,34;35;179;181;185,False,5,"[34,35,179,181,185]",1,40768,40768,35619
480,34;35;179;182;183,False,5,"[34,35,179,182,183]",1,11506,11501,10890
481,34;35;179;182;184,False,5,"[34,35,179,182,184]",2,31270,31268,28729
482,34;35;179;183;184,False,5,"[34,35,179,183,184]",2,22798,22796,20680
483,34;35;179;183;185,False,5,"[34,35,179,183,185]",2,35806,35804,32669
484,34;35;181;182,False,4,"[34,35,181,182]",2,22062,22057,19064
485,34;35;181;183,False,4,"[34,35,181,183]",9,89891,89879,79928
486,34;35;181;184,False,4,"[34,35,181,184]",15,50427,50404,47582
487,34;35;181;185,False,4,"[34,35,181,185]",5,73659,73654,65921
488,34;35;182;183,False,4,"[34,35,182,183]",19,61070,61050,57891
489,34;35;182;184,False,4,"[34,35,182,184]",7,90147,90139,83915
490,34;35;183;184,False,4,"[34,35,183,184]",16,58492,58436,54936
491,34;35;183;185,False,4,"[34,35,183,185]",4,41535,41532,38899
492,34;35;184;185,False,4,"[34,35,184,185]",4,36394,36387,34374
493,34;42;179;181;183,False,5,"[34,42,179,181,183]",2,19801,19797,18146
494,34;42;179;181;184,False,5,"[34,42,179,181,184]",1,14204,14191,11986
495,34;42;179;181;185,False,5,"[34,42,179,181,185]",2,24164,24160,22170
496,34;42;179;182;183,False,5,"[34,42,179,182,183]",3,34310,34307,31316
497,34;42;179;183;185,False,5,"[34,42,179,183,185]",1,11006,11000,9802
498,34;42;181;182,False,4,"[34,42,181,182]",5,165128,165122,122711
499,34;42;181;183,False,4,"[34,42,181,183]",2,13746,13722,12536
500,34;42;181;184,False,4,"[34,42,181,184]",6,38303,38297,35769
501,34;42;181;185,False,4,"[34,42,181,185]",4,33965,33960,31065
502,34;42;182;183,False,4,"[34,42,182,183]",12,95032,94983,87615
503,34;42;182;184,False,4,"[34,42,182,184]",3,41263,41258,35061
504,34;42;183;184,False,4,"[34,42,183,184]",10,48103,48097,45076
505,34;42;183;185,False,4,"[34,42,183,185]",4,42087,42068,38544
506,36;37;179;182;183,False,5,"[36,37,179,182,183]",1,18587,18580,17149
507,36;37;179;183;185,False,5,"[36,37,179,183,185]",1,13561,13561,12404
508,36;37;181;182,False,4,"[36,37,181,182]",7,68210,68203,62683
509,36;37;181;183,False,4,"[36,37,181,183]",12,189610,189576,170453
510,36;37;181;184,False,4,"[36,37,181,184]",13,73738,73734,68527
511,36;37;181;185,False,4,"[36,37,181,185]",6,127400,127380,111304
512,36;37;182;183,False,4,"[36,37,182,183]",12,79344,79334,73064
513,36;37;182;184,False,4,"[36,37,182,184]",4,58980,58974,54276
514,36;37;183;184,False,4,"[36,37,183,184]",23,109248,109241,97644
515,36;37;183;185,False,4,"[36,37,183,185]",5,76659,76646,71020
516,36;37;184;185,False,4,"[36,37,184,185]",1,14658,14642,14050
517,37;38;181;182,False,4,"[37,38,181,182]",1,11071,11071,10321
518,37;38;181;184,False,4,"[37,38,181,184]",1,12690,12689,11730
519,37;38;182;183,False,4,"[37,38,182,183]",1,9675,9674,9046
520,37;38;182;184,False,4,"[37,38,182,184]",1,13970,13968,13109
521,38;39;179;181;182,False,5,"[38,39,179,181,182]",1,845,845,787
522,38;39;179;181;183,False,5,"[38,39,179,181,183]",2,31612,31601,29338
523,38;39;179;181;184,False,5,"[38,39,179,181,184]",1,12356,12356,11144
524,38;39;179;181;185,False,5,"[38,39,179,181,185]",2,25508,25508,23317
525,38;39;179;182;184,False,5,"[38,39,179,182,184]",2,21548,21544,19691
526,38;39;179;183;185,False,5,"[38,39,179,183,185]",1,13456,13452,12401
527,38;39;181;182,False,4,"[38,39,181,182]",10,175993,175969,157364
528,38;39;181;183,False,4,"[38,39,181,183]",7,98774,98765,90994
529,38;39;181;184,False,4,"[38,39,181,184]",14,106976,106972,94004
530,38;39;181;185,False,4,"[38,39,181,185]",6,145817,145772,119867
531,38;39;182;183,False,4,"[38,39,182,183]",14,77336,77328,71157
532,38;39;182;184,False,4,"[38,39,182,184]",4,50401,50384,46557
533,38;39;183;184,False,4,"[38,39,183,184]",6,49116,49108,44993
534,38;39;183;185,False,4,"[38,39,183,185]",8,81688,81677,73434
535,38;39;184;185,False,4,"[38,39,184,185]",1,11826,11823,10992
536,39;46;179;181;183,False,5,"[39,46,179,181,183]",1,24198,24195,22176
537,44;45;179;181;183,False,5,"[44,45,179,181,183]",2,24484,24482,22387
538,44;45;179;181;184,False,5,"[44,45,179,181,184]",2,35935,35932,33421
539,44;45;179;181;185,False,5,"[44,45,179,181,185]",1,12557,12556,11308
540,44;45;179;182;183,False,5,"[44,45,179,182,183]",1,10027,10027,9229
541,44;45;179;183;185,False,5,"[44,45,179,183,185]",3,39989,39987,34673
542,44;45;181;182,False,4,"[44,45,181,182]",8,96017,96003,86915
543,44;45;181;183,False,4,"[44,45,181,183]",7,95149,95139,87507
544,44;45;181;184,False,4,"[44,45,181,184]",16,106063,106054,98622
545,44;45;181;185,False,4,"[44,45,181,185]",5,67065,67051,58304
546,44;45;182;183,False,4,"[44,45,182,183]",7,46012,46004,42691
547,44;45;182;184,False,4,"[44,45,182,184]",4,45595,45590,41454
548,44;45;183;184,False,4,"[44,45,183,184]",19,48954,48954,44110
549,44;45;183;185,False,4,"[44,45,183,185]",10,153426,153385,135257
550,44;45;184;185,False,4,"[44,45,184,185]",3,53995,53987,32184
551,44;49;179;181;183,False,5,"[44,49,179,181,183]",1,48888,48887,42141
552,44;49;179;183;185,False,5,"[44,49,179,183,185]",1,26375,26368,23281
553,44;49;181;185,False,4,"[44,49,181,185]",3,84521,84513,73985
554,44;49;183;184,False,4,"[44,49,183,184]",2,40408,40408,35290
555,44;49;183;185,False,4,"[44,49,183,185]",1,48361,48361,42225
556,46;47;179;181;182,False,5,"[46,47,179,181,182]",1,20823,20821,18347
557,46;47;179;181;183,False,5,"[46,47,179,181,183]",3,51142,51139,42496
558,46;47;179;181;185,False,5,"[46,47,179,181,185]",1,29254,29252,26626
559,46;47;179;182;183,False,5,"[46,47,179,182,183]",1,25379,25373,22908
560,46;47;181;182,False,4,"[46,47,181,182]",8,28332,28329,26215
561,46;47;181;183,False,4,"[46,47,181,183]",1,55719,55717,48303
562,46;47;181;184,False,4,"[46,47,181,184]",4,56429,56423,47349
563,46;47;182;183,False,4,"[46,47,182,183]",1,59377,59377,51647
564,46;47;182;184,False,4,"[46,47,182,184]",3,53950,53942,49231
565,46;47;183;184,False,4,"[46,47,183,184]",2,55153,55146,49735
566,46;47;183;185,False,4,"[46,47,183,185]",4,103377,103358,92896
567,46;47;184;185,False,4,"[46,47,184,185]",1,23073,23068,20979
568,52;59;179;182,False,4,"[52,59,179,182]",1,5043,5041,4929
569,52;59;179;183,False,4,"[52,59,179,183]",1,5501,5499,5357
570,52;59;179;184,False,4,"[52,59,179,184]",1,5153,5152,5010
571,52;59;179;185,False,4,"[52,59,179,185]",1,4045,4043,3991
572,52;59;181,False,3,"[52,59,181]",19,77174,77151,75647
573,52;59;182,False,3,"[52,59,182]",31,114692,114615,111099
574,52;59;183,False,3,"[52,59,183]",19,408620,408593,171083
575,52;59;184,False,3,"[52,59,184]",14,49970,49953,48946
576,52;59;185,False,3,"[52,59,185]",6,17197,17196,16860
577,52;60;179;182,False,4,"[52,60,179,182]",1,4650,4650,4575
578,52;60;179;183,False,4,"[52,60,179,183]",3,15460,15460,15154
579,52;60;179;184,False,4,"[52,60,179,184]",1,87,87,85
580,52;60;179;185,False,4,"[52,60,179,185]",1,14570,14566,13851
581,52;60;181,False,3,"[52,60,181]",11,23458,23457,23037
582,52;60;182,False,3,"[52,60,182]",11,37344,37337,36674
583,52;60;183,False,3,"[52,60,183]",11,36271,36263,35495
584,52;60;184,False,3,"[52,60,184]",5,18389,18380,18023
585,52;60;185,False,3,"[52,60,185]",3,14959,14952,14607
586,52;61;179;181,False,4,"[52,61,179,181]",1,22194,22187,21128
587,52;61;179;183,False,4,"[52,61,179,183]",1,20992,20989,20145
588,52;61;181,False,3,"[52,61,181]",1,8573,8566,8246
589,52;61;182,False,3,"[52,61,182]",1,6330,6325,6172
590,52;61;183,False,3,"[52,61,183]",1,5818,5810,5715
591,52;62;179;182,False,4,"[52,62,179,182]",2,45026,45016,43119
592,52;62;179;183,False,4,"[52,62,179,183]",1,273,273,267
593,52;62;179;184,False,4,"[52,62,179,184]",1,15723,15712,15172
594,52;62;182,False,3,"[52,62,182]",1,207,207,195
595,52;63;179;181,False,4,"[52,63,179,181]",5,41223,41209,39250
596,52;63;179;182,False,4,"[52,63,179,182]",5,28065,28059,27344
597,52;63;179;183,False,4,"[52,63,179,183]",5,22169,22161,21592
598,52;63;179;184,False,4,"[52,63,179,184]",2,8227,8223,8101
599,52;63;179;185,False,4,"[52,63,179,185]",3,12497,12496,12224
600,52;63;181,False,3,"[52,63,181]",10,53019,53001,51839
601,52;63;182,False,3,"[52,63,182]",11,57963,57942,56734
602,52;63;183,False,3,"[52,63,183]",6,19471,19471,19037
603,52;63;184,False,3,"[52,63,184]",5,11988,11983,11725
604,52;63;185,False,3,"[52,63,185]",1,5442,5441,5331
605,52;64;179;181,False,4,"[52,64,179,181]",1,4146,4144,4049
606,52;64;179;182,False,4,"[52,64,179,182]",3,20629,20624,19538
607,52;64;179;183,False,4,"[52,64,179,183]",3,20319,20314,19896
608,52;64;179;184,False,4,"[52,64,179,184]",2,8177,8174,7906
609,52;64;179;185,False,4,"[52,64,179,185]",2,10174,10173,9922
610,52;64;181,False,3,"[52,64,181]",5,21240,21230,20824
611,52;64;182,False,3,"[52,64,182]",10,26780,26766,26217
612,52;64;183,False,3,"[52,64,183]",7,34789,34707,31883
613,52;64;184,False,3,"[52,64,184]",7,373261,373255,124795
614,52;64;185,False,3,"[52,64,185]",3,181446,181440,67430
615,52;65;179;184,False,4,"[52,65,179,184]",5,57440,57415,55527
616,52;65;181,False,3,"[52,65,181]",3,16768,16757,16269
617,52;65;185,False,3,"[52,65,185]",1,12672,12662,12272
618,52;66;179;181,False,4,"[52,66,179,181]",2,22321,22314,21569
619,52;66;179;183,False,4,"[52,66,179,183]",1,10549,10544,10219
620,52;66;179;184,False,4,"[52,66,179,184]",2,17360,17351,16947
621,52;66;179;185,False,4,"[52,66,179,185]",4,17821,17813,17312
622,52;66;181,False,3,"[52,66,181]",2,13905,13901,13601
623,52;66;182,False,3,"[52,66,182]",9,37403,37373,36540
624,52;66;183,False,3,"[52,66,183]",5,8304,8299,8119
625,52;67;179;181,False,4,"[52,67,179,181]",2,14814,14809,14531
626,52;67;179;182,False,4,"[52,67,179,182]",3,31525,31519,30507
627,52;67;179;183,False,4,"[52,67,179,183]",1,5161,5159,5043
628,52;67;182,False,3,"[52,67,182]",9,48875,48860,47692
629,52;67;183,False,3,"[52,67,183]",2,9247,9247,9014
630,52;67;184,False,3,"[52,67,184]",1,5718,5716,5604
631,52;67;185,False,3,"[52,67,185]",3,10176,10172,9916
632,52;68;179;181,False,4,"[52,68,179,181]",1,8330,8327,8103
633,52;68;179;183,False,4,"[52,68,179,183]",1,7963,7961,7760
634,52;68;181,False,3,"[52,68,181]",1,11132,11131,10767
635,52;68;182,False,3,"[52,68,182]",8,46444,46435,45290
636,52;68;183,False,3,"[52,68,183]",1,9772,9770,9496
637,52;68;184,False,3,"[52,68,184]",4,13588,13586,13276
638,52;69;179;184,False,4,"[52,69,179,184]",1,13518,13511,13084
639,52;69;179;185,False,4,"[52,69,179,185]",1,675,675,653
640,52;69;183,False,3,"[52,69,183]",2,1482,1481,1419
641,52;69;184,False,3,"[52,69,184]",2,32485,32468,30946
642,52;70;179;182,False,4,"[52,70,179,182]",2,33983,33976,32665
643,52;70;182,False,3,"[52,70,182]",5,29133,29108,28440
644,52;70;185,False,3,"[52,70,185]",1,7479,7474,7255
645,52;179;181;182,False,4,"[52,179,181,182]",7,44603,44519,43107
646,52;179;181;182;184,False,5,"[52,179,181,182,184]",1,6962,6939,6732
647,52;179;181;184,False,4,"[52,179,181,184]",2,12489,12456,12125
648,52;179;181;185,False,4,"[52,179,181,185]",6,41630,41494,40081
649,52;179;182;183,False,4,"[52,179,182,183]",3,19012,19010,17143
650,52;179;182;184,False,4,"[52,179,182,184]",2,17958,17958,17391
651,52;179;183;184,False,4,"[52,179,183,184]",11,267336,267268,128085
652,52;181;182,False,3,"[52,181,182]",59,354206,353804,340793
653,52;181;182;183,False,4,"[52,181,182,183]",6,34598,34262,31958
654,52;181;182;184,False,4,"[52,181,182,184]",7,40924,40863,39524
655,52;181;183,False,3,"[52,181,183]",4,7610,7564,7417
656,52;181;183;184,False,4,"[52,181,183,184]",7,17972,17917,17370
657,52;181;183;185,False,4,"[52,181,183,185]",5,24492,24416,23650
658,52;181;184,False,3,"[52,181,184]",35,180657,180205,174990
659,52;181;184;185,False,4,"[52,181,184,185]",5,27191,27133,26438
660,52;181;185,False,3,"[52,181,185]",40,192110,191706,185449
661,52;181;194,False,3,"[52,181,194]",6,28258,28256,27707
662,52;181;300,False,3,"[52,181,300]",1,1908,1908,1871
663,52;182;183,False,3,"[52,182,183]",66,365673,365217,352747
664,52;182;183;184,False,4,"[52,182,183,184]",3,13859,13807,13434
665,52;182;194,False,3,"[52,182,194]",6,38580,38579,37635
666,52;182;300,False,3,"[52,182,300]",1,2200,2200,2110
667,52;183;184,False,3,"[52,183,184]",66,480091,479752,337611
668,52;183;184;185,False,4,"[52,183,184,185]",5,36573,36464,35431
669,52;183;185,False,3,"[52,183,185]",24,102197,101988,99458
670,52;183;194,False,3,"[52,183,194]",1,5811,5810,5676
671,52;184;185,False,3,"[52,184,185]",2,21877,21854,21153
672,52;185;186,False,3,"[52,185,186]",1,3009,3009,2824
673,53;59;179;181,False,4,"[53,59,179,181]",1,3412,3412,3359
674,53;59;179;185,False,4,"[53,59,179,185]",1,4043,4041,3989
675,53;59;181,False,3,"[53,59,181]",8,34165,34157,33462
676,53;59;182,False,3,"[53,59,182]",15,64586,64572,62960
677,53;59;183,False,3,"[53,59,183]",7,192220,192209,73698
678,53;59;184,False,3,"[53,59,184]",6,22899,22889,22448
679,53;59;185,False,3,"[53,59,185]",3,13728,13726,13444
680,53;60;179;181,False,4,"[53,60,179,181]",3,16281,16279,15905
681,53;60;179;182,False,4,"[53,60,179,182]",1,5044,5044,4950
682,53;60;179;183,False,4,"[53,60,179,183]",3,15455,15455,15149
683,53;60;179;184,False,4,"[53,60,179,184]",1,8996,8996,8670
684,53;60;179;185,False,4,"[53,60,179,185]",1,14570,14565,13848
685,53;60;181,False,3,"[53,60,181]",12,45864,45852,44884
686,53;60;182,False,3,"[53,60,182]",13,51280,51262,50324
687,53;60;183,False,3,"[53,60,183]",15,59945,59928,58501
688,53;60;184,False,3,"[53,60,184]",5,21852,21842,21344
689,53;60;185,False,3,"[53,60,185]",2,7721,7715,7587
690,53;61;179;181,False,4,"[53,61,179,181]",1,22186,22179,21120
691,53;61;179;182,False,4,"[53,61,179,182]",1,437,437,417
692,53;61;182,False,3,"[53,61,182]",1,6330,6325,6172
693,53;62;183,False,3,"[53,62,183]",1,19273,19267,18556
694,53;63;179;181,False,4,"[53,63,179,181]",1,4457,4456,4375
695,53;63;179;183,False,4,"[53,63,179,183]",2,5782,5780,5639
696,53;63;181,False,3,"[53,63,181]",3,14193,14190,13937
697,53;63;182,False,3,"[53,63,182]",4,22660,22652,22167
698,53;63;183,False,3,"[53,63,183]",3,8518,8514,8301
699,53;63;184,False,3,"[53,63,184]",2,4670,4669,4580
700,53;63;185,False,3,"[53,63,185]",1,5442,5441,5331
701,53;64;179;181,False,4,"[53,64,179,181]",1,4146,4144,4049
702,53;64;179;183,False,4,"[53,64,179,183]",1,8917,8914,8710
703,53;64;179;184,False,4,"[53,64,179,184]",1,8055,8052,7790
704,53;64;179;185,False,4,"[53,64,179,185]",1,4982,4982,4856
705,53;64;181,False,3,"[53,64,181]",4,18267,18257,17851
706,53;64;183,False,3,"[53,64,183]",3,19740,19734,17960
707,53;64;184,False,3,"[53,64,184]",1,183198,183197,59042
708,53;64;185,False,3,"[53,64,185]",1,6663,6661,6458
709,53;65;181,False,3,"[53,65,181]",1,14406,14395,13962
710,53;66;179;181,False,4,"[53,66,179,181]",1,10457,10452,10048
711,53;66;179;183,False,4,"[53,66,179,183]",3,30526,30519,29634
712,53;66;179;185,False,4,"[53,66,179,185]",1,256,256,246
713,53;66;181,False,3,"[53,66,181]",1,6951,6950,6800
714,53;66;182,False,3,"[53,66,182]",4,19753,19739,19260
715,53;66;183,False,3,"[53,66,183]",3,1856,1856,1821
716,53;67;183,False,3,"[53,67,183]",1,9018,9018,8786
717,53;67;185,False,3,"[53,67,185]",1,9435,9431,9186
718,53;68;179;181,False,4,"[53,68,179,181]",1,8325,8322,8099
719,53;68;182,False,3,"[53,68,182]",3,21543,21539,21045
720,53;68;183,False,3,"[53,68,183]",1,9772,9769,9495
721,53;68;184,False,3,"[53,68,184]",2,14546,14543,14176
722,53;69;179;184,False,4,"[53,69,179,184]",1,13515,13508,13081
723,53;69;182,False,3,"[53,69,182]",1,12748,12740,12310
724,53;70;179;183,False,4,"[53,70,179,183]",1,14518,14512,14007
725,53;179;181;182,False,4,"[53,179,181,182]",8,55556,55503,53979
726,53;179;181;184,False,4,"[53,179,181,184]",2,16591,16538,15965
727,53;179;181;185,False,4,"[53,179,181,185]",2,12007,12003,11745
728,53;179;182;183,False,4,"[53,179,182,183]",1,18323,18305,17391
729,53;179;183;184,False,4,"[53,179,183,184]",4,19585,19573,19064
730,53;179;183;184;185,False,5,"[53,179,183,184,185]",1,8446,8389,8111
731,53;179;183;185,False,4,"[53,179,183,185]",2,15602,15579,15145
732,53;181;182,False,3,"[53,181,182]",50,302716,302377,292239
733,53;181;182;183,False,4,"[53,181,182,183]",3,5181,5087,4863
734,53;181;182;184,False,4,"[53,181,182,184]",1,10097,10095,9740
735,53;181;183,False,3,"[53,181,183]",4,14028,13973,13659
736,53;181;183;184,False,4,"[53,181,183,184]",4,15026,14970,14477
737,53;181;183;185,False,4,"[53,181,183,185]",4,23942,23865,23105
738,53;181;184,False,3,"[53,181,184]",28,151314,150940,146164
739,53;181;184;185,False,4,"[53,181,184,185]",1,4235,4217,4119
740,53;181;185,False,3,"[53,181,185]",22,161699,161541,155655
741,53;181;194,False,3,"[53,181,194]",2,10928,10928,10699
742,53;182;183,False,3,"[53,182,183]",55,359228,358599,346081
743,53;182;183;184,False,4,"[53,182,183,184]",3,14082,13979,13547
744,53;182;184,False,3,"[53,182,184]",1,6144,6144,5986
745,53;182;194,False,3,"[53,182,194]",3,20798,20798,20201
746,53;183;184,False,3,"[53,183,184]",36,206836,206603,199650
747,53;183;184;185,False,4,"[53,183,184,185]",4,41786,41686,39978
748,53;183;185,False,3,"[53,183,185]",20,102646,102449,99380
749,53;183;194,False,3,"[53,183,194]",3,19763,19708,19231
750,53;184;185,False,3,"[53,184,185]",1,14866,14865,14366
751,54;59;179;181,False,4,"[54,59,179,181]",4,7415,7415,7290
752,54;59;179;183,False,4,"[54,59,179,183]",1,5500,5498,5356
753,54;59;179;185,False,4,"[54,59,179,185]",1,4044,4042,3990
754,54;59;181,False,3,"[54,59,181]",11,40759,40751,39946
755,54;59;182,False,3,"[54,59,182]",17,63284,63222,61945
756,54;59;183,False,3,"[54,59,183]",8,21565,21556,21185
757,54;59;184,False,3,"[54,59,184]",6,24775,24770,24278
758,54;59;185,False,3,"[54,59,185]",4,15594,15592,15281
759,54;60;179;181,False,4,"[54,60,179,181]",2,9114,9114,8932
760,54;60;179;183,False,4,"[54,60,179,183]",2,8981,8981,8807
761,54;60;179;184,False,4,"[54,60,179,184]",4,18170,18170,17514
762,54;60;181,False,3,"[54,60,181]",14,34268,34258,33572
763,54;60;182,False,3,"[54,60,182]",22,87374,87349,85651
764,54;60;183,False,3,"[54,60,183]",10,44637,44623,43527
765,54;60;184,False,3,"[54,60,184]",10,46681,46657,45660
766,54;60;185,False,3,"[54,60,185]",5,22483,22474,22018
767,54;61;179;182,False,4,"[54,61,179,182]",1,438,438,417
768,54;61;179;183,False,4,"[54,61,179,183]",1,20993,20990,20146
769,54;61;183,False,3,"[54,61,183]",1,5817,5809,5715
770,54;63;179;181,False,4,"[54,63,179,181]",5,28671,28666,27352
771,54;63;179;182,False,4,"[54,63,179,182]",1,4890,4889,4752
772,54;63;179;183,False,4,"[54,63,179,183]",5,23039,23031,22444
773,54;63;179;184,False,4,"[54,63,179,184]",1,4113,4111,4050
774,54;63;179;185,False,4,"[54,63,179,185]",1,4785,4784,4692
775,54;63;181,False,3,"[54,63,181]",5,22369,22365,21929
776,54;63;182,False,3,"[54,63,182]",5,28526,28517,27168
777,54;63;183,False,3,"[54,63,183]",1,7556,7552,7352
778,54;63;184,False,3,"[54,63,184]",4,16725,16719,16352
779,54;63;185,False,3,"[54,63,185]",1,6474,6470,6284
780,54;64;179;181,False,4,"[54,64,179,181]",1,4147,4145,4050
781,54;64;179;182,False,4,"[54,64,179,182]",2,9237,9234,9050
782,54;64;179;183,False,4,"[54,64,179,183]",1,4768,4767,4684
783,54;64;179;184,False,4,"[54,64,179,184]",1,8063,8060,7798
784,54;64;179;185,False,4,"[54,64,179,185]",1,4978,4978,4851
785,54;64;181,False,3,"[54,64,181]",1,6987,6984,6815
786,54;64;182,False,3,"[54,64,182]",5,15453,15443,15146
787,54;64;183,False,3,"[54,64,183]",2,10424,10423,10200
788,54;64;185,False,3,"[54,64,185]",2,173845,173842,59923
789,54;65;179;184,False,4,"[54,65,179,184]",4,48202,48179,46507
790,54;65;181,False,3,"[54,65,181]",1,14412,14402,13969
791,54;65;185,False,3,"[54,65,185]",1,12675,12666,12276
792,54;66;179;183,False,4,"[54,66,179,183]",2,20476,20468,19834
793,54;66;182,False,3,"[54,66,182]",4,19767,19752,19270
794,54;66;183,False,3,"[54,66,183]",1,666,666,659
795,54;67;179;182,False,4,"[54,67,179,182]",1,11803,11803,11409
796,54;67;179;183,False,4,"[54,67,179,183]",1,5157,5155,5039
797,54;67;179;184,False,4,"[54,67,179,184]",1,453,453,439
798,54;67;182,False,3,"[54,67,182]",7,28851,28842,28126
799,54;67;183,False,3,"[54,67,183]",4,22988,22982,22426
800,54;67;184,False,3,"[54,67,184]",3,24757,24753,23187
801,54;68;179;181,False,4,"[54,68,179,181]",1,8330,8327,8104
802,54;68;179;183,False,4,"[54,68,179,183]",1,7964,7962,7760
803,54;68;182,False,3,"[54,68,182]",3,27393,27380,26501
804,54;68;184,False,3,"[54,68,184]",1,5550,5548,5433
805,54;69;179;184,False,4,"[54,69,179,184]",1,13519,13512,13086
806,54;69;179;185,False,4,"[54,69,179,185]",1,676,676,654
807,54;69;182,False,3,"[54,69,182]",2,25490,25474,24615
808,54;69;184,False,3,"[54,69,184]",1,6741,6735,6573
809,54;70;179;181,False,4,"[54,70,179,181]",1,13420,13415,12940
810,54;70;179;183,False,4,"[54,70,179,183]",1,14511,14507,14004
811,54;70;181,False,3,"[54,70,181]",1,11541,11536,11095
812,54;70;182,False,3,"[54,70,182]",2,16914,16904,16465
813,54;179;181;182,False,4,"[54,179,181,182]",7,53701,53622,51997
814,54;179;181;185,False,4,"[54,179,181,185]",1,5194,5192,5045
815,54;179;182;183,False,4,"[54,179,182,183]",4,28167,28123,27287
816,54;179;183;184,False,4,"[54,179,183,184]",5,30485,30419,29549
817,54;179;183;185,False,4,"[54,179,183,185]",2,21363,21341,20416
818,54;181;182,False,3,"[54,181,182]",46,277902,277441,265692
819,54;181;182;183,False,4,"[54,181,182,183]",4,18959,18905,18259
820,54;181;182;184,False,4,"[54,181,182,184]",2,8640,8638,8433
821,54;181;183;184,False,4,"[54,181,183,184]",2,6990,6937,6714
822,54;181;183;185,False,4,"[54,181,183,185]",1,532,532,527
823,54;181;184,False,3,"[54,181,184]",23,110820,110620,107505
824,54;181;184;185,False,4,"[54,181,184,185]",4,20103,20002,19466
825,54;181;185,False,3,"[54,181,185]",26,162302,162033,157222
826,54;181;194,False,3,"[54,181,194]",4,21099,21098,20666
827,54;182;183,False,3,"[54,182,183]",57,359194,358624,347319
828,54;182;183;184,False,4,"[54,182,183,184]",2,9115,9051,8772
829,54;182;184,False,3,"[54,182,184]",1,11801,11801,11392
830,54;182;194,False,3,"[54,182,194]",3,20198,20197,19639
831,54;183;184,False,3,"[54,183,184]",36,179322,179124,171868
832,54;183;184;185,False,4,"[54,183,184,185]",2,11813,11789,11467
833,54;183;185,False,3,"[54,183,185]",13,49236,49093,47796
834,54;183;194,False,3,"[54,183,194]",4,26454,26400,25769
835,54;184;185,False,3,"[54,184,185]",1,14865,14864,14365
836,54;185;186,False,3,"[54,185,186]",1,2987,2987,2803
837,55;59;179;181,False,4,"[55,59,179,181]",1,223,223,216
838,55;59;179;183,False,4,"[55,59,179,183]",1,11323,11321,10936
839,55;59;179;184,False,4,"[55,59,179,184]",1,5152,5151,5009
840,55;59;181,False,3,"[55,59,181]",4,19179,19174,18818
841,55;59;182,False,3,"[55,59,182]",4,19726,19722,19335
842,55;59;183,False,3,"[55,59,183]",4,25465,25459,24834
843,55;59;184,False,3,"[55,59,184]",1,6099,6096,5969
844,55;59;185,False,3,"[55,59,185]",3,5757,5756,5637
845,55;60;179;182,False,4,"[55,60,179,182]",1,5044,5044,4950
846,55;60;181,False,3,"[55,60,181]",4,22063,22056,21536
847,55;60;182,False,3,"[55,60,182]",1,5878,5875,5758
848,55;60;183,False,3,"[55,60,183]",3,19306,19304,18845
849,55;60;185,False,3,"[55,60,185]",1,4074,4070,4018
850,55;61;179;181,False,4,"[55,61,179,181]",1,22198,22191,21132
851,55;61;179;182,False,4,"[55,61,179,182]",1,444,444,424
852,55;61;181,False,3,"[55,61,181]",1,8573,8566,8246
853,55;61;182,False,3,"[55,61,182]",1,6328,6323,6170
854,55;62;179;184,False,4,"[55,62,179,184]",1,15720,15711,15173
855,55;62;182,False,3,"[55,62,182]",1,205,205,193
856,55;62;183,False,3,"[55,62,183]",1,19275,19270,18559
857,55;63;179;183,False,4,"[55,63,179,183]",1,5669,5667,5530
858,55;63;181,False,3,"[55,63,181]",1,6057,6057,5901
859,55;63;182,False,3,"[55,63,182]",1,7148,7148,6260
860,55;63;183,False,3,"[55,63,183]",2,7836,7832,7630
861,55;63;185,False,3,"[55,63,185]",1,5444,5443,5332
862,55;64;179;183,False,4,"[55,64,179,183]",1,8922,8919,8715
863,55;64;179;184,False,4,"[55,64,179,184]",2,264,264,253
864,55;64;179;185,False,4,"[55,64,179,185]",1,5193,5192,5068
865,55;64;181,False,3,"[55,64,181]",1,4804,4801,4675
866,55;64;182,False,3,"[55,64,182]",1,6274,6273,6125
867,55;64;183,False,3,"[55,64,183]",2,6339,6266,6055
868,55;64;184,False,3,"[55,64,184]",1,4753,4750,4659
869,55;64;185,False,3,"[55,64,185]",3,19098,19090,18593
870,55;65;179;184,False,4,"[55,65,179,184]",1,10461,10457,10143
871,55;66;179;181,False,4,"[55,66,179,181]",1,10459,10454,10050
872,55;66;179;183,False,4,"[55,66,179,183]",1,10680,10676,10407
873,55;66;182,False,3,"[55,66,182]",1,5449,5444,5317
874,55;66;183,False,3,"[55,66,183]",1,5496,5489,5359
875,55;67;179;181,False,4,"[55,67,179,181]",1,10200,10198,9817
876,55;67;179;182,False,4,"[55,67,179,182]",1,7923,7921,7696
877,55;67;185,False,3,"[55,67,185]",1,9436,9432,9188
878,55;68;181,False,3,"[55,68,181]",1,11135,11134,10772
879,55;68;182,False,3,"[55,68,182]",2,18774,18765,18267
880,55;68;184,False,3,"[55,68,184]",3,23177,23169,22593
881,55;69;184,False,3,"[55,69,184]",1,25754,25746,24385
882,55;70;181,False,3,"[55,70,181]",1,11543,11538,11097
883,55;70;182,False,3,"[55,70,182]",1,6420,6419,6284
884,55;70;185,False,3,"[55,70,185]",1,7484,7476,7257
885,55;179;181;182,False,4,"[55,179,181,182]",4,27730,27712,26896
886,55;179;181;185,False,4,"[55,179,181,185]",1,9111,9110,8813
887,55;179;182;183,False,4,"[55,179,182,183]",2,22343,22338,20405
888,55;179;183;184;185,False,5,"[55,179,183,184,185]",1,17550,17527,16558
889,55;181;182,False,3,"[55,181,182]",25,160606,160338,155550
890,55;181;182;183,False,4,"[55,181,182,183]",3,22950,22899,21251
891,55;181;182;184,False,4,"[55,181,182,184]",2,21773,21753,20945
892,55;181;183,False,3,"[55,181,183]",1,5115,5099,4979
893,55;181;183;185,False,4,"[55,181,183,185]",2,18399,18332,17715
894,55;181;184,False,3,"[55,181,184]",13,99741,99520,95976
895,55;181;185,False,3,"[55,181,185]",12,95462,95422,91662
896,55;182;183,False,3,"[55,182,183]",20,145854,145610,140587
897,55;182;183;184,False,4,"[55,182,183,184]",1,4886,4873,4748
898,55;182;184,False,3,"[55,182,184]",1,6144,6144,5986
899,55;182;300,False,3,"[55,182,300]",1,2201,2201,2111
900,55;183;184,False,3,"[55,183,184]",19,292762,292677,155222
901,55;183;184;185,False,4,"[55,183,184,185]",1,8448,8389,8111
902,55;183;185,False,3,"[55,183,185]",5,26674,26651,25887
903,55;183;194,False,3,"[55,183,194]",2,11513,11512,11271
904,55;183;300,False,3,"[55,183,300]",1,3512,3512,3359
905,55;184;185,False,3,"[55,184,185]",1,7011,6989,6786
906,56;59;179;181,False,4,"[56,59,179,181]",2,592,592,572
907,56;59;179;182,False,4,"[56,59,179,182]",1,5042,5040,4928
908,56;59;179;183,False,4,"[56,59,179,183]",1,11316,11314,10933
909,56;59;179;184,False,4,"[56,59,179,184]",1,5150,5149,5007
910,56;59;181,False,3,"[56,59,181]",7,30021,30014,29439
911,56;59;182,False,3,"[56,59,182]",18,63371,63306,61710
912,56;59;183,False,3,"[56,59,183]",14,64998,64970,63596
913,56;59;184,False,3,"[56,59,184]",7,29580,29571,28930
914,56;59;185,False,3,"[56,59,185]",2,5209,5209,5110
915,56;60;179;181,False,4,"[56,60,179,181]",2,11403,11401,11142
916,56;60;179;182,False,4,"[56,60,179,182]",2,9697,9697,9528
917,56;60;181,False,3,"[56,60,181]",13,36989,36977,36203
918,56;60;182,False,3,"[56,60,182]",15,60266,60250,59135
919,56;60;183,False,3,"[56,60,183]",7,29794,29793,29237
920,56;60;184,False,3,"[56,60,184]",6,26102,26091,25494
921,56;60;185,False,3,"[56,60,185]",4,20156,20150,19714
922,56;61;179;183,False,4,"[56,61,179,183]",1,20989,20986,20142
923,56;61;181,False,3,"[56,61,181]",1,8571,8564,8245
924,56;61;183,False,3,"[56,61,183]",1,5818,5811,5717
925,56;62;179;182,False,4,"[56,62,179,182]",1,22516,22510,21562
926,56;62;179;183,False,4,"[56,62,179,183]",1,274,274,268
927,56;62;179;184,False,4,"[56,62,179,184]",1,15723,15714,15174
928,56;62;182,False,3,"[56,62,182]",1,206,206,194
929,56;63;179;181,False,4,"[56,63,179,181]",2,13174,13171,12201
930,56;63;179;182,False,4,"[56,63,179,182]",3,16481,16478,16052
931,56;63;179;183,False,4,"[56,63,179,183]",3,17373,17367,16939
932,56;63;179;185,False,4,"[56,63,179,185]",2,8643,8642,8460
933,56;63;181,False,3,"[56,63,181]",3,15921,15920,15540
934,56;63;182,False,3,"[56,63,182]",7,37925,37911,36386
935,56;63;183,False,3,"[56,63,183]",2,9057,9057,8850
936,56;63;184,False,3,"[56,63,184]",3,13016,13010,12716
937,56;63;185,False,3,"[56,63,185]",1,6470,6466,6280
938,56;64;179;182,False,4,"[56,64,179,182]",3,20624,20619,19533
939,56;64;179;183,False,4,"[56,64,179,183]",2,11405,11403,11190
940,56;64;179;184,False,4,"[56,64,179,184]",1,141,141,136
941,56;64;179;185,False,4,"[56,64,179,185]",1,5194,5193,5069
942,56;64;181,False,3,"[56,64,181]",3,17474,17465,17014
943,56;64;182,False,3,"[56,64,182]",7,11991,11983,11776
944,56;64;183,False,3,"[56,64,183]",5,22430,22352,21176
945,56;64;184,False,3,"[56,64,184]",3,5798,5795,5680
946,56;64;185,False,3,"[56,64,185]",5,36237,36222,35271
947,56;65;179;184,False,4,"[56,65,179,184]",2,24847,24837,23987
948,56;65;181,False,3,"[56,65,181]",2,2354,2354,2298
949,56;65;185,False,3,"[56,65,185]",1,12667,12657,12267
950,56;66;179;181,False,4,"[56,66,179,181]",1,11863,11861,11520
951,56;66;179;183,False,4,"[56,66,179,183]",1,10545,10540,10215
952,56;66;179;184,False,4,"[56,66,179,184]",1,8678,8673,8471
953,56;66;179;185,False,4,"[56,66,179,185]",1,8657,8653,8412
954,56;66;182,False,3,"[56,66,182]",3,11553,11542,11300
955,56;66;183,False,3,"[56,66,183]",1,242,241,229
956,56;67;179;181,False,4,"[56,67,179,181]",2,17601,17598,17077
957,56;67;179;182,False,4,"[56,67,179,182]",1,7922,7919,7694
958,56;67;179;183,False,4,"[56,67,179,183]",1,5160,5158,5042
959,56;67;179;184,False,4,"[56,67,179,184]",1,453,453,439
960,56;67;182,False,3,"[56,67,182]",3,17976,17970,17550
961,56;67;183,False,3,"[56,67,183]",1,6871,6868,6706
962,56;67;184,False,3,"[56,67,184]",3,24757,24753,23186
963,56;67;185,False,3,"[56,67,185]",1,370,370,364
964,56;68;179;183,False,4,"[56,68,179,183]",1,7959,7957,7756
965,56;68;181,False,3,"[56,68,181]",1,11128,11127,10765
966,56;68;182,False,3,"[56,68,182]",4,21328,21314,20780
967,56;68;184,False,3,"[56,68,184]",4,23953,23946,23352
968,56;69;179;185,False,4,"[56,69,179,185]",1,675,675,653
969,56;69;184,False,3,"[56,69,184]",1,6740,6733,6573
970,56;70;179;181,False,4,"[56,70,179,181]",1,13420,13415,12940
971,56;70;179;183,False,4,"[56,70,179,183]",1,14529,14524,14020
972,56;70;181,False,3,"[56,70,181]",1,11544,11539,11097
973,56;70;182,False,3,"[56,70,182]",7,50873,50847,49630
974,56;70;185,False,3,"[56,70,185]",1,7479,7474,7255
975,56;179;181;182,False,4,"[56,179,181,182]",1,6423,6420,6177
976,56;179;181;184,False,4,"[56,179,181,184]",1,8710,8703,8429
977,56;179;181;185,False,4,"[56,179,181,185]",1,5177,5175,5074
978,56;179;182;183,False,4,"[56,179,182,183]",2,19567,19552,18902
979,56;179;183;184,False,4,"[56,179,183,184]",2,5280,5271,5123
980,56;181;182,False,3,"[56,181,182]",24,160301,159821,154692
981,56;181;182;183,False,4,"[56,181,182,183]",4,12082,12036,10716
982,56;181;182;184,False,4,"[56,181,182,184]",4,16581,16556,16130
983,56;181;183;185,False,4,"[56,181,183,185]",2,5395,5386,5264
984,56;181;184,False,3,"[56,181,184]",14,104789,104621,100928
985,56;181;184;185,False,4,"[56,181,184,185]",1,4282,4280,4183
986,56;181;185,False,3,"[56,181,185]",18,99534,99370,96306
987,56;181;194,False,3,"[56,181,194]",2,6174,6174,6037
988,56;181;300,False,3,"[56,181,300]",1,1910,1910,1873
989,56;182;183,False,3,"[56,182,183]",36,217479,217264,208545
990,56;182;184,False,3,"[56,182,184]",1,11794,11794,11384
991,56;182;194,False,3,"[56,182,194]",3,16895,16894,16554
992,56;183;184,False,3,"[56,183,184]",26,159415,159238,150524
993,56;183;184;185,False,4,"[56,183,184,185]",1,9230,9188,8879
994,56;183;185,False,3,"[56,183,185]",11,70340,70263,68276
995,56;183;194,False,3,"[56,183,194]",3,20375,20375,19886
996,56;183;300,False,3,"[56,183,300]",1,3511,3511,3358
997,56;184;185,False,3,"[56,184,185]",1,7015,6993,6790
998,57;59;179;181,False,4,"[57,59,179,181]",1,367,367,355
999,57;59;179;182,False,4,"[57,59,179,182]",1,5042,5040,4929
1000,57;59;179;183,False,4,"[57,59,179,183]",1,11319,11317,10937
1001,57;59;181,False,3,"[57,59,181]",6,27231,27227,26626
1002,57;59;182,False,3,"[57,59,182]",4,9065,9060,8840
1003,57;59;183,False,3,"[57,59,183]",4,17661,17655,17217
1004,57;59;184,False,3,"[57,59,184]",2,7084,7083,6884
1005,57;60;179;183,False,4,"[57,60,179,183]",1,6477,6477,6345
1006,57;60;179;185,False,4,"[57,60,179,185]",1,14579,14575,13859
1007,57;60;181,False,3,"[57,60,181]",8,30391,30376,29686
1008,57;60;182,False,3,"[57,60,182]",3,13055,13052,12769
1009,57;60;183,False,3,"[57,60,183]",1,8208,8207,7998
1010,57;60;185,False,3,"[57,60,185]",1,4232,4231,4138
1011,57;62;179;183,False,4,"[57,62,179,183]",1,282,282,276
1012,57;63;179;181,False,4,"[57,63,179,181]",2,17323,17317,16728
1013,57;63;179;183,False,4,"[57,63,179,183]",1,6538,6537,6382
1014,57;63;181,False,3,"[57,63,181]",1,4551,4549,4464
1015,57;63;183,False,3,"[57,63,183]",1,284,284,282
1016,57;63;184,False,3,"[57,63,184]",1,6658,6656,6515
1017,57;64;179;182,False,4,"[57,64,179,182]",1,11396,11394,10492
1018,57;64;179;184,False,4,"[57,64,179,184]",1,119,119,113
1019,57;64;181,False,3,"[57,64,181]",1,6987,6984,6815
1020,57;64;183,False,3,"[57,64,183]",2,10426,10425,10202
1021,57;64;185,False,3,"[57,64,185]",4,191841,191829,77493
1022,57;65;181,False,3,"[57,65,181]",1,810,810,780
1023,57;66;179;181,False,4,"[57,66,179,181]",1,11863,11861,11520
1024,57;66;179;183,False,4,"[57,66,179,183]",1,10680,10676,10407
1025,57;66;183,False,3,"[57,66,183]",1,5496,5491,5361
1026,57;69;184,False,3,"[57,69,184]",1,25751,25743,24383
1027,57;70;179;182,False,4,"[57,70,179,182]",1,17005,17002,16347
1028,57;179;181;182,False,4,"[57,179,181,182]",2,21550,21526,20816
1029,57;179;181;184,False,4,"[57,179,181,184]",1,10765,10741,10369
1030,57;179;182;183,False,4,"[57,179,182,183]",1,7907,7883,7537
1031,57;181;182,False,3,"[57,181,182]",8,71304,71074,68647
1032,57;181;182;183,False,4,"[57,181,182,183]",1,11307,11303,10971
1033,57;181;182;184,False,4,"[57,181,182,184]",1,10099,10097,9741
1034,57;181;183;184,False,4,"[57,181,183,184]",2,8040,8038,7768
1035,57;181;183;185,False,4,"[57,181,183,185]",1,696,696,671
1036,57;181;184,False,3,"[57,181,184]",4,29115,29022,28104
1037,57;181;184;185,False,4,"[57,181,184,185]",1,7217,7206,7006
1038,57;181;185,False,3,"[57,181,185]",1,10750,10750,10436
1039,57;182;183,False,3,"[57,182,183]",20,152824,152415,147296
1040,57;183;184,False,3,"[57,183,184]",5,20032,20031,19555
1041,57;183;184;185,False,4,"[57,183,184,185]",3,36542,36457,34910
1042,57;183;185,False,3,"[57,183,185]",1,10300,10297,9959
1043,57;183;300,False,3,"[57,183,300]",1,3513,3513,3360
1044,58;59;179;183,False,4,"[58,59,179,183]",1,5497,5495,5353
1045,58;59;181,False,3,"[58,59,181]",2,11831,11831,11592
1046,58;59;182,False,3,"[58,59,182]",7,29341,29334,27692
1047,58;59;183,False,3,"[58,59,183]",4,21160,21151,20685
1048,58;59;184,False,3,"[58,59,184]",3,17042,17032,16695
1049,58;60;179;181,False,4,"[58,60,179,181]",2,12050,12048,11741
1050,58;60;179;182,False,4,"[58,60,179,182]",1,4649,4649,4574
1051,58;60;181,False,3,"[58,60,181]",4,22123,22117,21629
1052,58;60;182,False,3,"[58,60,182]",1,86,86,82
1053,58;60;183,False,3,"[58,60,183]",4,18672,18665,18231
1054,58;60;184,False,3,"[58,60,184]",1,65,65,63
1055,58;60;185,False,3,"[58,60,185]",2,10017,10014,9832
1056,58;62;183,False,3,"[58,62,183]",1,19283,19277,18566
1057,58;63;179;183,False,4,"[58,63,179,183]",1,5553,5552,5397
1058,58;63;181,False,3,"[58,63,181]",1,6055,6050,5890
1059,58;63;182,False,3,"[58,63,182]",2,12032,12029,11749
1060,58;63;185,False,3,"[58,63,185]",1,6476,6472,6286
1061,58;64;179;183,False,4,"[58,64,179,183]",1,6634,6633,6503
1062,58;64;179;184,False,4,"[58,64,179,184]",1,140,140,135
1063,58;64;182,False,3,"[58,64,182]",1,6275,6274,6126
1064,58;65;181,False,3,"[58,65,181]",1,1559,1559,1534
1065,58;67;179;181,False,4,"[58,67,179,181]",1,10200,10198,9816
1066,58;67;179;184,False,4,"[58,67,179,184]",1,454,454,440
1067,58;67;182,False,3,"[58,67,182]",2,6557,6555,6379
1068,58;67;183,False,3,"[58,67,183]",1,224,224,224
1069,58;67;184,False,3,"[58,67,184]",2,19042,19040,17585
1070,58;68;182,False,3,"[58,68,182]",1,11647,11644,11238
1071,58;68;183,False,3,"[58,68,183]",1,9781,9779,9505
1072,58;68;184,False,3,"[58,68,184]",1,9089,9085,8850
1073,58;69;183,False,3,"[58,69,183]",1,737,737,704
1074,58;70;179;181,False,4,"[58,70,179,181]",1,13423,13417,12941
1075,58;179;181;182,False,4,"[58,179,181,182]",1,6760,6745,6564
1076,58;179;183;184,False,4,"[58,179,183,184]",3,30385,30337,29321
1077,58;179;183;185,False,4,"[58,179,183,185]",2,9787,9784,9465
1078,58;181;182,False,3,"[58,181,182]",13,100596,100388,97056
1079,58;181;184,False,3,"[58,181,184]",6,29969,29886,29043
1080,58;181;185,False,3,"[58,181,185]",11,79534,79464,76937
1081,58;181;194,False,3,"[58,181,194]",1,736,736,730
1082,58;181;300,False,3,"[58,181,300]",1,1909,1909,1872
1083,58;182;183,False,3,"[58,182,183]",18,163821,163554,158055
1084,58;182;300,False,3,"[58,182,300]",1,2200,2200,2110
1085,58;183;184,False,3,"[58,183,184]",12,34693,34647,33716
1086,58;183;185,False,3,"[58,183,185]",7,58103,58042,56137
1087,58;183;194,False,3,"[58,183,194]",2,12890,12836,12511
1088,58;185;186,False,3,"[58,185,186]",1,2999,2999,2815
1089,71,False,1,[71],275,1168006,1167973,870448
1090,71;179,False,2,"[71,179]",3,62373,62373,58651
1091,72,False,1,[72],48,603977,603912,531143
1092,73,False,1,[73],35,487157,487153,441037
1093,73;179,False,2,"[73,179]",1,20718,20716,19588
1094,74,False,1,[74],718,1990870,1990808,1421905
1095,74;179,False,2,"[74,179]",13,238356,238351,225520
1096,75,False,1,[75],28,575575,575572,415844
1097,75;179,False,2,"[75,179]",1,14654,14652,14077
1098,76,False,1,[76],395,2221726,2221505,1889248
1099,76;179,False,2,"[76,179]",9,136273,136262,128608
1100,77,False,1,[77],502,2589160,2588808,2256157
1101,77;179,False,2,"[77,179]",21,300410,300397,285306
1102,78,False,1,[78],308,1389980,1389382,1092521
1103,78;179,False,2,"[78,179]",4,73716,73712,70295
1104,79,False,1,[79],20,418083,418083,380374
1105,80,False,1,[80],124,836299,836238,687237
1106,80;179,False,2,"[80,179]",4,55064,55062,53031
1107,81,False,1,[81],49,556504,556503,478868
1108,81;179,False,2,"[81,179]",2,58719,58719,55149
1109,82,False,1,[82],56,566098,566098,500949
1110,83,False,1,[83],349,1982970,1982611,1624714
1111,83;179,False,2,"[83,179]",5,89836,89835,84733
1112,84,False,1,[84],204,1021638,1021626,813733
1113,84;179,False,2,"[84,179]",1,23418,23418,22186
1114,85,False,1,[85],591,2964669,2964198,2567142
1115,85;179,False,2,"[85,179]",13,192478,192468,183379
1116,86,False,1,[86],183,755853,755808,670231
1117,86;179,False,2,"[86,179]",6,85482,85476,82082
1118,87,False,1,[87],76,681407,681402,602815
1119,87;179,False,2,"[87,179]",2,23608,23608,20957
1120,88,False,1,[88],87,638090,638055,577800
1121,88;179,False,2,"[88,179]",1,11096,11096,10693
1122,89,False,1,[89],17,329316,329315,295890
1123,90,False,1,[90],55,614687,614681,500067
1124,90;179,False,2,"[90,179]",1,18428,18428,17616
1125,91,False,1,[91],6,278904,278903,247513
1126,92,False,1,[92],49,467709,467702,420399
1127,93,False,1,[93],41,468320,468317,419418
1128,94,False,1,[94],60,602669,602663,539011
1129,95,False,1,[95],44,547193,547184,491836
1130,95;179,False,2,"[95,179]",1,21613,21613,20381
1131,96,False,1,[96],58,725018,725014,552622
1132,97,False,1,[97],11,358212,358209,308235
1133,98,False,1,[98],215,796577,796452,669659
1134,99,False,1,[99],19,423413,423291,382330
1135,99;179,False,2,"[99,179]",1,23964,23963,22155
1136,100,False,1,[100],16,525065,525063,364444
1137,101,False,1,[101],17,342182,342178,307718
1138,102,False,1,[102],6,197664,197664,168629
1139,103,False,1,[103],54,614103,614099,524363
1140,104,False,1,[104],41,466163,466162,410109
1141,105,False,1,[105],43,473631,473622,420178
1142,106,False,1,[106],108,704505,704504,629753
1143,106;179,False,2,"[106,179]",1,23412,23412,22180
1144,107,False,1,[107],46,485872,485864,432366
1145,108,False,1,[108],23,365812,365812,328807
1146,108;179,False,2,"[108,179]",1,31294,31294,29226
1147,109,False,1,[109],19,360280,360279,318505
1148,109;179,False,2,"[109,179]",1,31990,31990,29657
1149,110,False,1,[110],10,236274,236274,200304
1150,110;179,False,2,"[110,179]",1,19606,19606,18506
1151,111,False,1,[111],12,244192,244192,206776
1152,112,False,1,[112],21,320843,320843,241193
1153,113,False,1,[113],24,427021,427021,387553
1154,113;179,False,2,"[113,179]",1,30334,30333,28412
1155,114,False,1,[114],26,493891,493891,434961
1156,115,False,1,[115],19,447974,447972,351682
1157,115;179,False,2,"[115,179]",1,21612,21612,20382
1158,116,False,1,[116],40,558442,558244,499246
1159,117,False,1,[117],21,466952,466951,420672
1160,117;179,False,2,"[117,179]",1,27579,27575,25899
1161,118,False,1,[118],33,472054,472051,417936
1162,119,False,1,[119],212,1027372,1027344,850485
1163,119;179,False,2,"[119,179]",4,52380,52378,50502
1164,120,False,1,[120],75,647106,646818,591807
1165,120;179,False,2,"[120,179]",12,155582,155572,148744
1166,121,False,1,[121],70,620277,620272,549529
1167,122,False,1,[122],27,394322,394319,345049
1168,122;179,False,2,"[122,179]",2,35083,35081,33383
1169,123,False,1,[123],19,452923,452923,403530
1170,124,False,1,[124],16,392314,392314,355226
1171,125,False,1,[125],10,302282,302282,263006
1172,126,False,1,[126],12,368314,368311,326156
1173,126;179,False,2,"[126,179]",1,16703,16703,15959
1174,128,False,1,[128],27,331172,331171,293421
1175,128;179,False,2,"[128,179]",1,31991,31991,29658
1176,129,False,1,[129],45,561504,561476,504170
1177,129;179,False,2,"[129,179]",2,27675,27673,26572
1178,130,False,1,[130],35,709066,709056,537486
1179,130;179,False,2,"[130,179]",1,17085,17085,16403
1180,131,False,1,[131],13,203682,203682,178443
1181,132,False,1,[132],23,381569,381568,341478
1182,133,False,1,[133],50,506120,506105,444617
1183,134,False,1,[134],55,592499,592444,535963
1184,134;179,False,2,"[134,179]",6,83433,83425,79553
1185,135,False,1,[135],35,318378,318369,274429
1186,136,False,1,[136],10,244036,244035,206365
1187,137,False,1,[137],12,316106,316106,278722
1188,138,False,1,[138],32,351785,351778,315741
1189,140,False,1,[140],10,325919,325918,285164
1190,141,False,1,[141],10,134178,134178,115809
1191,142,False,1,[142],17,239802,239802,208504
1192,143,False,1,[143],262,1736557,1735773,1570985
1193,143;179,False,2,"[143,179]",41,677755,677728,642526
1194,144,False,1,[144],21,385520,385519,346249
1195,145,False,1,[145],10,423594,423594,275137
1196,145;179,False,2,"[145,179]",1,30333,30332,28411
1197,146,False,1,[146],1,918,918,906
1198,146;147;148;162;178,False,5,"[146,147,148,162,178]",1,2342,2339,2302
1199,146;147;148;165;178,False,5,"[146,147,148,165,178]",1,9541,9538,9240
1200,146;147;148;165;178;179,False,6,"[146,147,148,165,178,179]",1,5202,5198,5063
1201,146;147;148;176,False,4,"[146,147,148,176]",1,48,48,48
1202,146;147;148;176;179,False,5,"[146,147,148,176,179]",2,10551,10540,10268
1203,146;147;149;162;178,False,5,"[146,147,149,162,178]",3,28636,28622,27691
1204,146;147;149;162;178;179,False,6,"[146,147,149,162,178,179]",5,22925,22914,22393
1205,146;147;149;165;178,False,5,"[146,147,149,165,178]",3,28631,28622,27729
1206,146;147;149;165;178;179,False,6,"[146,147,149,165,178,179]",2,10407,10399,10129
1207,146;147;149;176,False,4,"[146,147,149,176]",7,10655,10626,10392
1208,146;147;149;176;179,False,5,"[146,147,149,176,179]",10,32755,32727,31270
1209,146;147;150;162;178,False,5,"[146,147,150,162,178]",1,13146,13141,12694
1210,146;147;150;176,False,4,"[146,147,150,176]",5,6062,6046,5918
1211,146;147;150;176;179,False,5,"[146,147,150,176,179]",4,10650,10638,10363
1212,146;147;151;162;178,False,5,"[146,147,151,162,178]",2,15497,15488,15004
1213,146;147;151;165;178,False,5,"[146,147,151,165,178]",1,9545,9542,9244
1214,146;147;151;176,False,4,"[146,147,151,176]",2,2498,2491,2435
1215,146;147;151;176;179,False,5,"[146,147,151,176,179]",4,16248,16233,15179
1216,146;147;153;162;178,False,5,"[146,147,153,162,178]",1,2342,2338,2301
1217,146;147;153;162;178;179,False,6,"[146,147,153,162,178,179]",3,12808,12803,12540
1218,146;147;153;165;178;179,False,6,"[146,147,153,165,178,179]",1,5204,5200,5065
1219,146;147;153;176,False,4,"[146,147,153,176]",7,6817,6801,6662
1220,146;147;153;176;179,False,5,"[146,147,153,176,179]",8,22968,22958,20470
1221,146;147;156;162;178,False,5,"[146,147,156,162,178]",2,15490,15481,14997
1222,146;147;156;162;178;179,False,6,"[146,147,156,162,178,179]",2,8934,8930,8734
1223,146;147;156;165;178;179,False,6,"[146,147,156,165,178,179]",1,5203,5199,5064
1224,146;147;156;176,False,4,"[146,147,156,176]",1,2810,2802,2741
1225,146;147;156;176;179,False,5,"[146,147,156,176,179]",2,2959,2957,2896
1226,146;147;176;196,False,4,"[146,147,176,196]",2,1415,1415,1393
1227,146;148;158;176;179,False,5,"[146,148,158,176,179]",1,31,31,29
1228,146;148;161;162;178;179,False,6,"[146,148,161,162,178,179]",1,9596,9591,9273
1229,146;148;164;165;178,False,5,"[146,148,164,165,178]",1,2413,2413,2329
1230,146;148;177,False,3,"[146,148,177]",5,6684,6669,6543
1231,146;149;154;176;179,False,5,"[146,149,154,176,179]",3,15973,15970,15629
1232,146;149;158;162;178,False,5,"[146,149,158,162,178]",12,66143,66107,63395
1233,146;149;158;162;178;179,False,6,"[146,149,158,162,178,179]",3,10057,10045,9856
1234,146;149;158;163;178;179,False,6,"[146,149,158,163,178,179]",3,31403,31394,30296
1235,146;149;158;166;178;179,False,6,"[146,149,158,166,178,179]",3,23306,23294,22520
1236,146;149;158;176,False,4,"[146,149,158,176]",5,16342,16321,16039
1237,146;149;158;176;179,False,5,"[146,149,158,176,179]",2,63,63,59
1238,146;149;160;176,False,4,"[146,149,160,176]",2,18649,18643,18031
1239,146;149;161;162;178;179,False,6,"[146,149,161,162,178,179]",2,19189,19179,18545
1240,146;149;162;164;178;179,False,6,"[146,149,162,164,178,179]",2,10131,10125,9927
1241,146;149;162;172;178,False,5,"[146,149,162,172,178]",6,29090,29068,28460
1242,146;149;164;165;178,False,5,"[146,149,164,165,178]",1,2410,2410,2326
1243,146;149;177,False,3,"[146,149,177]",11,12760,12751,12575
1244,146;150;158;162;178;179,False,6,"[146,150,158,162,178,179]",1,3356,3352,3289
1245,146;150;158;163;178;179,False,6,"[146,150,158,163,178,179]",1,10465,10462,10096
1246,146;150;158;176,False,4,"[146,150,158,176]",1,2681,2679,2647
1247,146;150;162;172;178,False,5,"[146,150,162,172,178]",2,10225,10217,10003
1248,146;150;177,False,3,"[146,150,177]",15,19482,19458,19117
1249,146;151;158;162;178,False,5,"[146,151,158,162,178]",4,25918,25905,24723
1250,146;151;158;176,False,4,"[146,151,158,176]",1,3668,3657,3584
1251,146;151;160;176,False,4,"[146,151,160,176]",1,9328,9323,9018
1252,146;151;161;162;178;179,False,6,"[146,151,161,162,178,179]",1,9598,9593,9275
1253,146;151;162;172;178,False,5,"[146,151,162,172,178]",3,14552,14543,14238
1254,146;151;164;165;178,False,5,"[146,151,164,165,178]",1,2412,2412,2328
1255,146;151;177,False,3,"[146,151,177]",2,4183,4174,4105
1256,146;153;154;176;179,False,5,"[146,153,154,176,179]",2,10648,10646,10419
1257,146;153;158;162;178,False,5,"[146,153,158,162,178]",7,42031,42008,40363
1258,146;153;158;163;178;179,False,6,"[146,153,158,163,178,179]",1,10467,10464,10098
1259,146;153;158;166;178;179,False,6,"[146,153,158,166,178,179]",2,15541,15533,15017
1260,146;153;158;176,False,4,"[146,153,158,176]",3,9024,9015,8879
1261,146;153;158;176;179,False,5,"[146,153,158,176,179]",2,62,62,58
1262,146;153;160;176,False,4,"[146,153,160,176]",1,9326,9323,9016
1263,146;153;161;162;178;179,False,6,"[146,153,161,162,178,179]",1,9596,9591,9274
1264,146;153;162;164;178;179,False,6,"[146,153,162,164,178,179]",3,15200,15192,14895
1265,146;153;162;172;178,False,5,"[146,153,162,172,178]",4,18868,18854,18458
1266,146;153;164;176,False,4,"[146,153,164,176]",3,2115,2115,2085
1267,146;153;177,False,3,"[146,153,177]",32,35859,35802,35167
1268,146;153;177;179,False,4,"[146,153,177,179]",2,2258,2256,2220
1269,146;156;158;162;178,False,5,"[146,156,158,162,178]",2,7701,7695,7093
1270,146;156;158;162;178;179,False,6,"[146,156,158,162,178,179]",1,3352,3348,3285
1271,146;156;160;176,False,4,"[146,156,160,176]",1,9327,9324,9018
1272,146;156;164;176,False,4,"[146,156,164,176]",1,706,706,696
1273,146;156;177,False,3,"[146,156,177]",5,6927,6917,6784
1274,146;164;165;178;196,False,5,"[146,164,165,178,196]",2,4820,4820,4652
1275,146;164;176;196,False,4,"[146,164,176,196]",1,705,705,695
1276,146;169;177,False,3,"[146,169,177]",6,11581,11555,11324
1277,147;148;152;176,False,4,"[147,148,152,176]",1,6599,6595,6399
1278,147;148;155;176,False,4,"[147,148,155,176]",9,21814,21785,21296
1279,147;148;155;176;179,False,5,"[147,148,155,176,179]",2,5363,5358,5241
1280,147;148;157;176,False,4,"[147,148,157,176]",3,16147,16135,14697
1281,147;148;159;166;178,False,5,"[147,148,159,166,178]",2,13137,13122,12797
1282,147;148;159;176,False,4,"[147,148,159,176]",1,4260,4258,4160
1283,147;148;159;176;179,False,5,"[147,148,159,176,179]",1,39,39,37
1284,147;149;152;163;178;179,False,6,"[147,149,152,163,178,179]",4,33997,33993,33077
1285,147;149;152;176,False,4,"[147,149,152,176]",4,19872,19864,19273
1286,147;149;152;176;179,False,5,"[147,149,152,176,179]",8,29127,29096,28408
1287,147;149;155;162;178,False,5,"[147,149,155,162,178]",2,7964,7956,7813
1288,147;149;155;176,False,4,"[147,149,155,176]",18,49464,49402,48281
1289,147;149;155;176;179,False,5,"[147,149,155,176,179]",2,5363,5358,5242
1290,147;149;157;176,False,4,"[147,149,157,176]",8,25679,25660,24485
1291,147;149;159;166;178,False,5,"[147,149,159,166,178]",5,31964,31923,31146
1292,147;149;159;176,False,4,"[147,149,159,176]",8,66706,66674,64670
1293,147;149;159;176;179,False,5,"[147,149,159,176,179]",1,39,39,37
1294,147;149;162;170;178,False,5,"[147,149,162,170,178]",2,12182,12172,11820
1295,147;150;152;176,False,4,"[147,150,152,176]",2,6680,6677,6477
1296,147;150;155;162;178,False,5,"[147,150,155,162,178]",1,3982,3978,3906
1297,147;150;155;176,False,4,"[147,150,155,176]",3,9185,9177,8965
1298,147;150;155;176;179,False,5,"[147,150,155,176,179]",1,2220,2216,2166
1299,147;150;157;176,False,4,"[147,150,157,176]",2,9957,9945,9679
1300,147;150;159;176,False,4,"[147,150,159,176]",3,20261,20250,19672
1301,147;150;159;176;179,False,5,"[147,150,159,176,179]",1,39,39,37
1302,147;150;162;170;178,False,5,"[147,150,162,170,178]",1,6090,6085,5909
1303,147;151;152;163;178;179,False,6,"[147,151,152,163,178,179]",1,8497,8496,8267
1304,147;151;152;176,False,4,"[147,151,152,176]",1,89,89,87
1305,147;151;152;176;179,False,5,"[147,151,152,176,179]",1,4882,4880,4788
1306,147;151;155;162;178,False,5,"[147,151,155,162,178]",1,3984,3980,3908
1307,147;151;155;176,False,4,"[147,151,155,176]",9,24577,24542,23988
1308,147;151;155;176;179,False,5,"[147,151,155,176,179]",1,2220,2217,2167
1309,147;151;157;176,False,4,"[147,151,157,176]",3,10834,10828,10082
1310,147;151;159;166;178,False,5,"[147,151,159,166,178]",2,13140,13125,12800
1311,147;151;162;170;178,False,5,"[147,151,162,170,178]",1,6094,6089,5912
1312,147;152;153;176,False,4,"[147,152,153,176]",1,81,81,79
1313,147;152;153;176;179,False,5,"[147,152,153,176,179]",5,17786,17766,17338
1314,147;152;156;176,False,4,"[147,152,156,176]",1,83,83,81
1315,147;152;156;176;179,False,5,"[147,152,156,176,179]",1,4881,4880,4788
1316,147;153;155;176,False,4,"[147,153,155,176]",8,15498,15466,15138
1317,147;153;155;176;179,False,5,"[147,153,155,176,179]",2,5364,5359,5242
1318,147;153;157;176,False,4,"[147,153,157,176]",2,10810,10804,10057
1319,147;153;159;166;178,False,5,"[147,153,159,166,178]",1,7452,7448,7250
1320,147;153;159;176,False,4,"[147,153,159,176]",2,7166,7160,7006
1321,147;153;159;176;179,False,5,"[147,153,159,176,179]",2,78,78,74
1322,147;153;162;170;178,False,5,"[147,153,162,170,178]",1,6092,6087,5911
1323,147;155;156;162;178,False,5,"[147,155,156,162,178]",1,3983,3979,3907
1324,147;155;156;176,False,4,"[147,155,156,176]",3,3233,3225,3158
1325,147;155;156;176;179,False,5,"[147,155,156,176,179]",2,6284,6282,6150
1326,147;156;157;176,False,4,"[147,156,157,176]",2,4844,4841,4682
1327,147;156;159;176,False,4,"[147,156,159,176]",1,2903,2899,2844
1328,148;152;177,False,3,"[148,152,177]",1,488,488,478
1329,148;155;158;162;178,False,5,"[148,155,158,162,178]",1,2976,2971,2920
1330,148;155;158;162;178;179,False,6,"[148,155,158,162,178,179]",2,7750,7746,7573
1331,148;155;158;176,False,4,"[148,155,158,176]",1,2435,2433,2380
1332,148;155;158;176;179,False,5,"[148,155,158,176,179]",1,2805,2801,2734
1333,148;155;160;176,False,4,"[148,155,160,176]",1,11248,11234,10796
1334,148;155;162;172;178,False,5,"[148,155,162,172,178]",1,7320,7316,7127
1335,148;155;164;176,False,4,"[148,155,164,176]",1,5910,5901,5763
1336,148;155;177,False,3,"[148,155,177]",19,28823,28752,28251
1337,148;155;177;179,False,4,"[148,155,177,179]",4,9961,9954,9651
1338,148;157;158;162;178,False,5,"[148,157,158,162,178]",1,3486,3479,3414
1339,148;157;177,False,3,"[148,157,177]",8,17177,17155,16795
1340,148;157;177;179,False,4,"[148,157,177,179]",2,3028,3025,2947
1341,148;158;159;162;178,False,5,"[148,158,159,162,178]",1,3765,3761,3705
1342,148;158;159;162;178;179,False,6,"[148,158,159,162,178,179]",2,9868,9864,9641
1343,148;158;159;176,False,4,"[148,158,159,176]",2,5952,5944,5831
1344,148;158;162;170;178,False,5,"[148,158,162,170,178]",1,963,963,950
1345,148;159;172;174;178,False,5,"[148,159,172,174,178]",1,13518,13514,12982
1346,148;159;177,False,3,"[148,159,177]",12,19387,19302,18877
1347,148;159;177;179,False,4,"[148,159,177,179]",2,13138,13137,12350
1348,148;167;177,False,3,"[148,167,177]",20,41826,41694,40761
1349,148;170;177,False,3,"[148,170,177]",1,441,441,435
1350,149;152;177,False,3,"[149,152,177]",4,171363,171357,60170
1351,149;154;155;162;178,False,5,"[149,154,155,162,178]",2,18967,18959,18237
1352,149;154;155;176;179,False,5,"[149,154,155,176,179]",1,7834,7832,7624
1353,149;155;158;162;178,False,5,"[149,155,158,162,178]",11,53938,53878,51661
1354,149;155;158;162;178;179,False,6,"[149,155,158,162,178,179]",9,31470,31447,30793
1355,149;155;158;176,False,4,"[149,155,158,176]",3,7307,7301,7142
1356,149;155;158;176;179,False,5,"[149,155,158,176,179]",4,16998,16966,16494
1357,149;155;160;176,False,4,"[149,155,160,176]",1,11241,11227,10789
1358,149;155;162;164;178,False,5,"[149,155,162,164,178]",2,22976,22962,21664
1359,149;155;162;172;178,False,5,"[149,155,162,172,178]",3,21965,21954,21387
1360,149;155;164;176,False,4,"[149,155,164,176]",2,11801,11785,11509
1361,149;155;177,False,3,"[149,155,177]",20,36322,36241,35561
1362,149;155;177;179,False,4,"[149,155,177,179]",4,9962,9958,9655
1363,149;157;158;162;178,False,5,"[149,157,158,162,178]",3,10463,10441,10246
1364,149;157;177,False,3,"[149,157,177]",15,30415,30382,29824
1365,149;157;177;179,False,4,"[149,157,177,179]",3,4175,4171,4083
1366,149;158;159;162;178,False,5,"[149,158,159,162,178]",5,21057,21043,20606
1367,149;158;159;162;178;179,False,6,"[149,158,159,162,178,179]",6,27290,27280,26668
1368,149;158;159;166;178,False,5,"[149,158,159,166,178]",7,56707,56677,55256
1369,149;158;159;176,False,4,"[149,158,159,176]",3,9233,9221,9032
1370,149;158;162;170;178,False,5,"[149,158,162,170,178]",3,17287,17267,16822
1371,149;159;162;164;178,False,5,"[149,159,162,164,178]",4,18309,18277,17888
1372,149;159;162;172;178,False,5,"[149,159,162,172,178]",2,10722,10722,10474
1373,149;159;172;174;178,False,5,"[149,159,172,174,178]",2,27031,27024,25960
1374,149;159;177,False,3,"[149,159,177]",10,15446,15376,15026
1375,149;161;165;171;178,False,5,"[149,161,165,171,178]",3,50389,50386,47906
1376,149;167;177,False,3,"[149,167,177]",42,71076,70841,69293
1377,149;167;177;179,False,4,"[149,167,177,179]",2,2739,2733,2690
1378,149;170;172;173;178,False,5,"[149,170,172,173,178]",4,59208,59200,56549
1379,149;170;172;175;178,False,5,"[149,170,172,175,178]",2,28945,28939,27764
1380,149;170;177,False,3,"[149,170,177]",3,6122,6119,5937
1381,149;171;177,False,3,"[149,171,177]",1,8845,8845,8179
1382,150;152;177,False,3,"[150,152,177]",1,488,488,478
1383,150;154;155;162;178,False,5,"[150,154,155,162,178]",1,9489,9485,9123
1384,150;154;155;176;179,False,5,"[150,154,155,176,179]",2,15662,15658,15242
1385,150;155;158;162;178,False,5,"[150,155,158,162,178]",2,5841,5838,5760
1386,150;155;158;162;178;179,False,6,"[150,155,158,162,178,179]",1,2944,2944,2884
1387,150;155;158;163;178,False,5,"[150,155,158,163,178]",1,2611,2611,2518
1388,150;155;158;175;178,False,5,"[150,155,158,175,178]",2,3158,3158,3095
1389,150;155;158;176;179,False,5,"[150,155,158,176,179]",1,5689,5679,5511
1390,150;155;160;176,False,4,"[150,155,160,176]",1,11247,11234,10796
1391,150;155;162;164;178,False,5,"[150,155,162,164,178]",1,11490,11483,10834
1392,150;155;162;172;178,False,5,"[150,155,162,172,178]",1,7323,7319,7130
1393,150;155;177,False,3,"[150,155,177]",13,21528,21475,21107
1394,150;155;177;179,False,4,"[150,155,177,179]",1,1603,1601,1574
1395,150;157;177,False,3,"[150,157,177]",8,15432,15419,15106
1396,150;158;159;162;178,False,5,"[150,158,159,162,178]",2,9075,9071,8886
1397,150;158;159;162;178;179,False,6,"[150,158,159,162,178,179]",2,9143,9139,8928
1398,150;158;159;166;178,False,5,"[150,158,159,166,178]",1,5283,5281,5162
1399,150;158;162;170;178,False,5,"[150,158,162,170,178]",4,13766,13751,13408
1400,150;159;162;164;178,False,5,"[150,159,162,164,178]",2,8952,8941,8686
1401,150;159;172;174;178,False,5,"[150,159,172,174,178]",1,13516,13512,12980
1402,150;159;177,False,3,"[150,159,177]",17,34852,34798,33884
1403,150;164;170;176,False,4,"[150,164,170,176]",2,4081,4081,3983
1404,150;167;177,False,3,"[150,167,177]",10,22491,22458,21977
1405,150;170;172;175;178,False,5,"[150,170,172,175,178]",1,14473,14466,13879
1406,150;170;177,False,3,"[150,170,177]",1,441,441,435
1407,151;154;155;162;178,False,5,"[151,154,155,162,178]",1,9482,9478,9117
1408,151;155;158;162;178,False,5,"[151,155,158,162,178]",5,22207,22187,21243
1409,151;155;158;162;178;179,False,6,"[151,155,158,162,178,179]",1,2793,2790,2741
1410,151;155;158;175;178,False,5,"[151,155,158,175,178]",1,1650,1650,1613
1411,151;155;158;176,False,4,"[151,155,158,176]",1,2436,2434,2381
1412,151;155;158;176;179,False,5,"[151,155,158,176,179]",1,5687,5679,5510
1413,151;155;160;176,False,4,"[151,155,160,176]",1,11247,11233,10795
1414,151;155;162;164;178,False,5,"[151,155,162,164,178]",1,11492,11485,10836
1415,151;155;177,False,3,"[151,155,177]",4,10616,10590,10409
1416,151;157;158;162;178,False,5,"[151,157,158,162,178]",1,3487,3480,3415
1417,151;157;177,False,3,"[151,157,177]",3,8618,8610,8423
1418,151;158;159;162;178,False,5,"[151,158,159,162,178]",2,8220,8214,8018
1419,151;158;159;162;178;179,False,6,"[151,158,159,162,178,179]",2,9141,9137,8926
1420,151;158;159;166;178,False,5,"[151,158,159,166,178]",1,10215,10209,9943
1421,151;158;159;176,False,4,"[151,158,159,176]",1,2669,2665,2628
1422,151;158;162;170;178,False,5,"[151,158,162,170,178]",1,5443,5437,5311
1423,151;159;162;164;178,False,5,"[151,159,162,164,178]",2,13126,13105,12791
1424,151;159;162;172;178,False,5,"[151,159,162,172,178]",1,5366,5361,5237
1425,151;159;177,False,3,"[151,159,177]",4,14619,14591,14105
1426,151;170;172;175;178,False,5,"[151,170,172,175,178]",1,14473,14470,13882
1427,152;153;177,False,3,"[152,153,177]",5,171854,171848,60651
1428,152;156;177,False,3,"[152,156,177]",1,165438,165432,54342
1429,152;169;177,False,3,"[152,169,177]",1,165456,165450,54355
1430,153;154;155;162;178,False,5,"[153,154,155,162,178]",1,9484,9480,9119
1431,153;154;155;176;179,False,5,"[153,154,155,176,179]",2,15663,15659,15244
1432,153;155;158;162;178,False,5,"[153,155,158,162,178]",8,38510,38467,37062
1433,153;155;158;162;178;179,False,6,"[153,155,158,162,178,179]",2,7749,7745,7572
1434,153;155;158;163;178,False,5,"[153,155,158,163,178]",2,5230,5230,5044
1435,153;155;158;175;178,False,5,"[153,155,158,175,178]",2,3155,3155,3092
1436,153;155;158;176;179,False,5,"[153,155,158,176,179]",3,11304,11282,10979
1437,153;155;160;176,False,4,"[153,155,160,176]",1,11243,11229,10791
1438,153;155;164;176,False,4,"[153,155,164,176]",2,11809,11794,11518
1439,153;155;177,False,3,"[153,155,177]",18,32393,32337,30716
1440,153;155;177;179,False,4,"[153,155,177,179]",1,6617,6617,6379
1441,153;157;177,False,3,"[153,157,177]",14,36271,36240,35195
1442,153;157;177;179,False,4,"[153,157,177,179]",2,2966,2962,2904
1443,153;158;159;162;178,False,5,"[153,158,159,162,178]",2,6671,6662,6540
1444,153;158;159;162;178;179,False,6,"[153,158,159,162,178,179]",1,4873,4872,4771
1445,153;158;159;166;178,False,5,"[153,158,159,166,178]",1,5282,5280,5161
1446,153;158;159;176,False,4,"[153,158,159,176]",3,9231,9219,9031
1447,153;158;162;170;178,False,5,"[153,158,162,170,178]",1,6402,6395,6202
1448,153;159;161;176,False,4,"[153,159,161,176]",5,37704,37699,36854
1449,153;159;162;164;178,False,5,"[153,159,162,164,178]",4,14141,14121,13791
1450,153;159;162;172;178,False,5,"[153,159,162,172,178]",2,10724,10724,10476
1451,153;159;172;174;178,False,5,"[153,159,172,174,178]",1,13515,13511,12979
1452,153;159;177,False,3,"[153,159,177]",25,31524,31477,30889
1453,153;159;177;179,False,4,"[153,159,177,179]",1,3366,3365,2840
1454,153;161;165;171;178,False,5,"[153,161,165,171,178]",2,33596,33594,31939
1455,153;164;170;176,False,4,"[153,164,170,176]",1,2040,2040,1991
1456,153;167;177,False,3,"[153,167,177]",37,69233,69108,67606
1457,153;167;177;179,False,4,"[153,167,177,179]",5,7470,7462,7312
1458,153;170;172;173;178,False,5,"[153,170,172,173,178]",1,14798,14796,14133
1459,153;170;177,False,3,"[153,170,177]",6,10833,10821,10647
1460,153;171;177,False,3,"[153,171,177]",1,8845,8845,8179
1461,155;156;158;162;178,False,5,"[155,156,158,162,178]",3,20836,20820,19771
1462,155;156;158;175;178,False,5,"[155,156,158,175,178]",1,1505,1505,1479
1463,155;156;162;164;178,False,5,"[155,156,162,164,178]",1,11489,11482,10833
1464,155;156;177,False,3,"[155,156,177]",17,31376,31312,30775
1465,155;156;177;179,False,4,"[155,156,177,179]",1,1732,1729,1691
1466,155;158;163;178;196,False,5,"[155,158,163,178,196]",2,5226,5226,5040
1467,155;158;175;178;196,False,5,"[155,158,175,178,196]",4,6319,6319,6193
1468,155;169;177,False,3,"[155,169,177]",22,46923,46828,45473
1469,156;157;177,False,3,"[156,157,177]",3,10340,10331,9955
1470,156;158;159;162;178,False,5,"[156,158,159,162,178]",3,11124,11113,10850
1471,156;158;159;162;178;179,False,6,"[156,158,159,162,178,179]",2,9746,9744,9542
1472,156;158;159;176,False,4,"[156,158,159,176]",1,2672,2667,2630
1473,156;158;162;170;178,False,5,"[156,158,162,170,178]",3,18252,18225,17713
1474,156;159;162;164;178,False,5,"[156,159,162,164,178]",3,13640,13615,13293
1475,156;159;177,False,3,"[156,159,177]",15,24068,23969,23427
1476,156;159;177;179,False,4,"[156,159,177,179]",1,9775,9775,9511
1477,156;167;177,False,3,"[156,167,177]",18,40548,40480,39623
1478,156;170;172;175;178,False,5,"[156,170,172,175,178]",1,14471,14468,13881
1479,156;170;177,False,3,"[156,170,177]",1,5151,5148,4989
1480,157;169;177,False,3,"[157,169,177]",12,33352,33317,32477
1481,157;169;177;179,False,4,"[157,169,177,179]",1,1817,1814,1765
1482,158;162;170;178;196,False,5,"[158,162,170,178,196]",2,1926,1926,1900
1483,159;169;177,False,3,"[159,169,177]",13,32131,32077,31240
1484,164;170;176;196,False,4,"[164,170,176,196]",2,4080,4080,3982
1485,167,False,1,[167],4,2110,2110,2030
1486,167;168;177,False,3,"[167,168,177]",59,100250,100016,97904
1487,167;168;177;179,False,4,"[167,168,177,179]",5,6594,6580,6456
1488,169;170;177,False,3,"[169,170,177]",2,8234,8227,8027
1489,181;182,False,2,"[181,182]",9,0,0,0
1490,181;184,False,2,"[181,184]",2,556,556,521
1491,182;183,False,2,"[182,183]",11,0,0,0
1492,183,False,1,[183],6,0,0,0
1493,183;184,False,2,"[183,184]",6,0,0,0
1494,184,False,1,[184],1,0,0,0
1495,219,False,1,[219],1,3032,3032,2903
