skill_id,canonical_skill_key,original_tag_ids,tag_count,is_untagged
1,1,[1],1,False
2,2,[2],1,False
3,2;1176,"[2,1176]",2,False
4,3,[3],1,False
5,3;89,"[3,89]",2,False
6,3;346,"[3,346]",2,False
7,4,[4],1,False
8,5,[5],1,False
9,6,[6],1,False
10,7,[7],1,False
11,8,[8],1,False
12,9,[9],1,False
13,10,[10],1,False
14,10;1025,"[10,1025]",2,False
15,11,[11],1,False
16,12,[12],1,False
17,13,[13],1,False
18,14,[14],1,False
19,15,[15],1,False
20,16,[16],1,False
21,17,[17],1,False
22,18,[18],1,False
23,19,[19],1,False
24,20,[20],1,False
25,21,[21],1,False
26,22,[22],1,False
27,23,[23],1,False
28,24,[24],1,False
29,25,[25],1,False
30,26,[26],1,False
31,27,[27],1,False
32,28,[28],1,False
33,29,[29],1,False
34,30,[30],1,False
35,30;1043,"[30,1043]",2,False
36,31,[31],1,False
37,31;1043,"[31,1043]",2,False
38,32,[32],1,False
39,33,[33],1,False
40,34,[34],1,False
41,34;676,"[34,676]",2,False
42,35,[35],1,False
43,36,[36],1,False
44,37,[37],1,False
45,38,[38],1,False
46,39,[39],1,False
47,40,[40],1,False
48,41,[41],1,False
49,42,[42],1,False
50,43,[43],1,False
51,44,[44],1,False
52,45,[45],1,False
53,45;1143,"[45,1143]",2,False
54,46,[46],1,False
55,47,[47],1,False
56,48,[48],1,False
57,49,[49],1,False
58,50,[50],1,False
59,51,[51],1,False
60,52,[52],1,False
61,53,[53],1,False
62,54,[54],1,False
63,55,[55],1,False
64,56,[56],1,False
65,57,[57],1,False
66,58,[58],1,False
67,58;342,"[58,342]",2,False
68,59,[59],1,False
69,60,[60],1,False
70,61,[61],1,False
71,61;966,"[61,966]",2,False
72,61;1275,"[61,1275]",2,False
73,61;1283,"[61,1283]",2,False
74,61;1295,"[61,1295]",2,False
75,62,[62],1,False
76,62;251,"[62,251]",2,False
77,62;382,"[62,382]",2,False
78,63,[63],1,False
79,63;384,"[63,384]",2,False
80,64,[64],1,False
81,65,[65],1,False
82,65;384,"[65,384]",2,False
83,66,[66],1,False
84,67,[67],1,False
85,67;387,"[67,387]",2,False
86,68,[68],1,False
87,69,[69],1,False
88,70,[70],1,False
89,71,[71],1,False
90,72,[72],1,False
91,73,[73],1,False
92,74,[74],1,False
93,74;384,"[74,384]",2,False
94,74;384;508,"[74,384,508]",3,False
95,75,[75],1,False
96,76,[76],1,False
97,76;80,"[76,80]",2,False
98,77,[77],1,False
99,77;79,"[77,79]",2,False
100,78,[78],1,False
101,78;79,"[78,79]",2,False
102,79;358,"[79,358]",2,False
103,80;972,"[80,972]",2,False
104,80;973,"[80,973]",2,False
105,81,[81],1,False
106,82,[82],1,False
107,83,[83],1,False
108,84,[84],1,False
109,84;960,"[84,960]",2,False
110,85,[85],1,False
111,86,[86],1,False
112,87,[87],1,False
113,87;89,"[87,89]",2,False
114,88,[88],1,False
115,88;233,"[88,233]",2,False
116,88;346,"[88,346]",2,False
117,89,[89],1,False
118,90,[90],1,False
119,91,[91],1,False
120,92,[92],1,False
121,92;93,"[92,93]",2,False
122,93;94,"[93,94]",2,False
123,93;349,"[93,349]",2,False
124,93;350,"[93,350]",2,False
125,94,[94],1,False
126,95,[95],1,False
127,96,[96],1,False
128,97,[97],1,False
129,98,[98],1,False
130,99,[99],1,False
131,100,[100],1,False
132,101,[101],1,False
133,102,[102],1,False
134,102;333,"[102,333]",2,False
135,103,[103],1,False
136,104,[104],1,False
137,104;432,"[104,432]",2,False
138,105,[105],1,False
139,106,[106],1,False
140,106;432,"[106,432]",2,False
141,107,[107],1,False
142,107;1079,"[107,1079]",2,False
143,108,[108],1,False
144,108;110,"[108,110]",2,False
145,109,[109],1,False
146,110,[110],1,False
147,110;1048,"[110,1048]",2,False
148,110;1079,"[110,1079]",2,False
149,110;1267,"[110,1267]",2,False
150,111,[111],1,False
151,111;1277,"[111,1277]",2,False
152,112,[112],1,False
153,113,[113],1,False
154,114,[114],1,False
155,115,[115],1,False
156,116,[116],1,False
157,117,[117],1,False
158,118,[118],1,False
159,119,[119],1,False
160,120,[120],1,False
161,120;801,"[120,801]",2,False
162,121,[121],1,False
163,122,[122],1,False
164,123,[123],1,False
165,124,[124],1,False
166,125,[125],1,False
167,126,[126],1,False
168,127,[127],1,False
169,128,[128],1,False
170,129,[129],1,False
171,130,[130],1,False
172,131,[131],1,False
173,132,[132],1,False
174,133,[133],1,False
175,133;219,"[133,219]",2,False
176,134,[134],1,False
177,135,[135],1,False
178,136,[136],1,False
179,137,[137],1,False
180,138,[138],1,False
181,139,[139],1,False
182,140,[140],1,False
183,141,[141],1,False
184,142,[142],1,False
185,142;143,"[142,143]",2,False
186,144,[144],1,False
187,144;202,"[144,202]",2,False
188,145,[145],1,False
189,145;456,"[145,456]",2,False
190,146,[146],1,False
191,146;150,"[146,150]",2,False
192,147,[147],1,False
193,147;456,"[147,456]",2,False
194,148,[148],1,False
195,149,[149],1,False
196,149;150,"[149,150]",2,False
197,150,[150],1,False
198,151,[151],1,False
199,152,[152],1,False
200,153,[153],1,False
201,154,[154],1,False
202,155,[155],1,False
203,156,[156],1,False
204,157,[157],1,False
205,158,[158],1,False
206,158;161,"[158,161]",2,False
207,159,[159],1,False
208,159;161,"[159,161]",2,False
209,160,[160],1,False
210,160;161,"[160,161]",2,False
211,161;163,"[161,163]",2,False
212,162,[162],1,False
213,163,[163],1,False
214,164,[164],1,False
215,165,[165],1,False
216,165;516,"[165,516]",2,False
217,166,[166],1,False
218,167,[167],1,False
219,168,[168],1,False
220,169,[169],1,False
221,170,[170],1,False
222,171,[171],1,False
223,172,[172],1,False
224,173,[173],1,False
225,174,[174],1,False
226,175,[175],1,False
227,176,[176],1,False
228,176;178,"[176,178]",2,False
229,177,[177],1,False
230,178,[178],1,False
231,179,[179],1,False
232,180,[180],1,False
233,181,[181],1,False
234,182,[182],1,False
235,183,[183],1,False
236,184,[184],1,False
237,185,[185],1,False
238,185;1172,"[185,1172]",2,False
239,186,[186],1,False
240,187,[187],1,False
241,188,[188],1,False
242,189,[189],1,False
243,190,[190],1,False
244,191,[191],1,False
245,192,[192],1,False
246,193,[193],1,False
247,194,[194],1,False
248,195,[195],1,False
249,196,[196],1,False
250,197,[197],1,False
251,197;257,"[197,257]",2,False
252,198;199,"[198,199]",2,False
253,200,[200],1,False
254,201,[201],1,False
255,201;257,"[201,257]",2,False
256,202,[202],1,False
257,203,[203],1,False
258,203;235,"[203,235]",2,False
259,204,[204],1,False
260,204;236,"[204,236]",2,False
261,205,[205],1,False
262,206,[206],1,False
263,207,[207],1,False
264,208,[208],1,False
265,209,[209],1,False
266,210,[210],1,False
267,211,[211],1,False
268,211;219,"[211,219]",2,False
269,212,[212],1,False
270,213,[213],1,False
271,214,[214],1,False
272,215,[215],1,False
273,216,[216],1,False
274,217,[217],1,False
275,218,[218],1,False
276,219,[219],1,False
277,220,[220],1,False
278,221,[221],1,False
279,221;233,"[221,233]",2,False
280,222,[222],1,False
281,223,[223],1,False
282,224,[224],1,False
283,225,[225],1,False
284,225;229,"[225,229]",2,False
285,226,[226],1,False
286,226;229,"[226,229]",2,False
287,226;231,"[226,231]",2,False
288,227,[227],1,False
289,227;233,"[227,233]",2,False
290,227;346,"[227,346]",2,False
291,228,[228],1,False
292,228;230,"[228,230]",2,False
293,228;889,"[228,889]",2,False
294,229,[229],1,False
295,229;889,"[229,889]",2,False
296,230,[230],1,False
297,231,[231],1,False
298,232,[232],1,False
299,233,[233],1,False
300,234,[234],1,False
301,234;236,"[234,236]",2,False
302,235,[235],1,False
303,236,[236],1,False
304,237,[237],1,False
305,238,[238],1,False
306,239,[239],1,False
307,239;245,"[239,245]",2,False
308,240,[240],1,False
309,241,[241],1,False
310,241;245,"[241,245]",2,False
311,242,[242],1,False
312,243,[243],1,False
313,243;245,"[243,245]",2,False
314,244,[244],1,False
315,245,[245],1,False
316,245;424,"[245,424]",2,False
317,246,[246],1,False
318,246;424,"[246,424]",2,False
319,247,[247],1,False
320,248,[248],1,False
321,249,[249],1,False
322,250,[250],1,False
323,251,[251],1,False
324,252,[252],1,False
325,253,[253],1,False
326,254,[254],1,False
327,255,[255],1,False
328,256,[256],1,False
329,257,[257],1,False
330,258,[258],1,False
331,259,[259],1,False
332,260,[260],1,False
333,261,[261],1,False
334,262,[262],1,False
335,263,[263],1,False
336,264,[264],1,False
337,265,[265],1,False
338,266,[266],1,False
339,267,[267],1,False
340,268,[268],1,False
341,269,[269],1,False
342,270,[270],1,False
343,271,[271],1,False
344,272,[272],1,False
345,273,[273],1,False
346,274,[274],1,False
347,275,[275],1,False
348,276,[276],1,False
349,277,[277],1,False
350,278,[278],1,False
351,279,[279],1,False
352,280,[280],1,False
353,281,[281],1,False
354,282,[282],1,False
355,283,[283],1,False
356,283;1295,"[283,1295]",2,False
357,284,[284],1,False
358,285,[285],1,False
359,285;762,"[285,762]",2,False
360,286,[286],1,False
361,287,[287],1,False
362,288,[288],1,False
363,289,[289],1,False
364,290,[290],1,False
365,291,[291],1,False
366,292,[292],1,False
367,293,[293],1,False
368,294,[294],1,False
369,295,[295],1,False
370,296,[296],1,False
371,297,[297],1,False
372,298,[298],1,False
373,299,[299],1,False
374,300,[300],1,False
375,301,[301],1,False
376,302,[302],1,False
377,303,[303],1,False
378,304,[304],1,False
379,304;305,"[304,305]",2,False
380,305,[305],1,False
381,306,[306],1,False
382,307,[307],1,False
383,308,[308],1,False
384,309,[309],1,False
385,310,[310],1,False
386,311,[311],1,False
387,311;314,"[311,314]",2,False
388,312,[312],1,False
389,313,[313],1,False
390,314,[314],1,False
391,315,[315],1,False
392,316,[316],1,False
393,317,[317],1,False
394,317;318,"[317,318]",2,False
395,318,[318],1,False
396,319,[319],1,False
397,320,[320],1,False
398,321,[321],1,False
399,322,[322],1,False
400,323,[323],1,False
401,323;325,"[323,325]",2,False
402,324,[324],1,False
403,325,[325],1,False
404,326,[326],1,False
405,326;329,"[326,329]",2,False
406,327,[327],1,False
407,328,[328],1,False
408,329,[329],1,False
409,330,[330],1,False
410,331,[331],1,False
411,332,[332],1,False
412,333,[333],1,False
413,334,[334],1,False
414,334;1153,"[334,1153]",2,False
415,335,[335],1,False
416,335;933,"[335,933]",2,False
417,336,[336],1,False
418,336;339,"[336,339]",2,False
419,337,[337],1,False
420,338,[338],1,False
421,339,[339],1,False
422,340,[340],1,False
423,341,[341],1,False
424,342,[342],1,False
425,343,[343],1,False
426,344,[344],1,False
427,345,[345],1,False
428,346,[346],1,False
429,347,[347],1,False
430,348,[348],1,False
431,348;914,"[348,914]",2,False
432,348;1006,"[348,1006]",2,False
433,349,[349],1,False
434,350,[350],1,False
435,351,[351],1,False
436,352,[352],1,False
437,353,[353],1,False
438,354,[354],1,False
439,355,[355],1,False
440,356,[356],1,False
441,357,[357],1,False
442,358,[358],1,False
443,359,[359],1,False
444,360,[360],1,False
445,361,[361],1,False
446,362,[362],1,False
447,363,[363],1,False
448,364,[364],1,False
449,365,[365],1,False
450,366,[366],1,False
451,367,[367],1,False
452,368,[368],1,False
453,369,[369],1,False
454,370,[370],1,False
455,371,[371],1,False
456,372,[372],1,False
457,372;396,"[372,396]",2,False
458,373,[373],1,False
459,374,[374],1,False
460,375,[375],1,False
461,375;386,"[375,386]",2,False
462,375;1278,"[375,1278]",2,False
463,376,[376],1,False
464,377,[377],1,False
465,377;602,"[377,602]",2,False
466,378,[378],1,False
467,379,[379],1,False
468,380,[380],1,False
469,381,[381],1,False
470,382,[382],1,False
471,383,[383],1,False
472,384,[384],1,False
473,385,[385],1,False
474,386,[386],1,False
475,386;980,"[386,980]",2,False
476,387,[387],1,False
477,387;508,"[387,508]",2,False
478,387;996,"[387,996]",2,False
479,388,[388],1,False
480,389,[389],1,False
481,390,[390],1,False
482,391,[391],1,False
483,391;917,"[391,917]",2,False
484,392,[392],1,False
485,393,[393],1,False
486,394,[394],1,False
487,395,[395],1,False
488,396,[396],1,False
489,397,[397],1,False
490,398,[398],1,False
491,399,[399],1,False
492,400,[400],1,False
493,400;602,"[400,602]",2,False
494,401,[401],1,False
495,401;602,"[401,602]",2,False
496,402,[402],1,False
497,403,[403],1,False
498,404,[404],1,False
499,405,[405],1,False
500,406,[406],1,False
501,407,[407],1,False
502,408,[408],1,False
503,409,[409],1,False
504,410,[410],1,False
505,411,[411],1,False
506,412,[412],1,False
507,413,[413],1,False
508,414,[414],1,False
509,415,[415],1,False
510,416,[416],1,False
511,417,[417],1,False
512,418,[418],1,False
513,419,[419],1,False
514,420,[420],1,False
515,421,[421],1,False
516,421;617,"[421,617]",2,False
517,422,[422],1,False
518,423,[423],1,False
519,424,[424],1,False
520,424;452,"[424,452]",2,False
521,425,[425],1,False
522,426,[426],1,False
523,427,[427],1,False
524,427;541,"[427,541]",2,False
525,428,[428],1,False
526,429,[429],1,False
527,430,[430],1,False
528,431,[431],1,False
529,433,[433],1,False
530,434,[434],1,False
531,435,[435],1,False
532,436,[436],1,False
533,437,[437],1,False
534,438,[438],1,False
535,439,[439],1,False
536,440,[440],1,False
537,441,[441],1,False
538,442,[442],1,False
539,443,[443],1,False
540,444,[444],1,False
541,445,[445],1,False
542,446,[446],1,False
543,447,[447],1,False
544,448,[448],1,False
545,449,[449],1,False
546,450,[450],1,False
547,451,[451],1,False
548,452,[452],1,False
549,453,[453],1,False
550,454,[454],1,False
551,455,[455],1,False
552,456,[456],1,False
553,457,[457],1,False
554,458,[458],1,False
555,459,[459],1,False
556,460,[460],1,False
557,460;463,"[460,463]",2,False
558,460;464,"[460,464]",2,False
559,460;465,"[460,465]",2,False
560,461,[461],1,False
561,462,[462],1,False
562,463,[463],1,False
563,464,[464],1,False
564,465,[465],1,False
565,466,[466],1,False
566,467,[467],1,False
567,468,[468],1,False
568,468;478,"[468,478]",2,False
569,469,[469],1,False
570,469;479,"[469,479]",2,False
571,470,[470],1,False
572,471,[471],1,False
573,472,[472],1,False
574,472;477,"[472,477]",2,False
575,473,[473],1,False
576,474,[474],1,False
577,475,[475],1,False
578,476,[476],1,False
579,477,[477],1,False
580,478,[478],1,False
581,479,[479],1,False
582,480,[480],1,False
583,481,[481],1,False
584,482,[482],1,False
585,483,[483],1,False
586,484,[484],1,False
587,484;929,"[484,929]",2,False
588,484;1083,"[484,1083]",2,False
589,485,[485],1,False
590,485;488,"[485,488]",2,False
591,485;489,"[485,489]",2,False
592,486,[486],1,False
593,487,[487],1,False
594,488,[488],1,False
595,489,[489],1,False
596,490;683,"[490,683]",2,False
597,490;693,"[490,693]",2,False
598,490;1054,"[490,1054]",2,False
599,490;1055,"[490,1055]",2,False
600,491,[491],1,False
601,491;683,"[491,683]",2,False
602,491;693,"[491,693]",2,False
603,491;1054,"[491,1054]",2,False
604,491;1055,"[491,1055]",2,False
605,492,[492],1,False
606,493,[493],1,False
607,494,[494],1,False
608,495,[495],1,False
609,496,[496],1,False
610,496;497,"[496,497]",2,False
611,496;500,"[496,500]",2,False
612,496;501,"[496,501]",2,False
613,497,[497],1,False
614,497;498,"[497,498]",2,False
615,497;502,"[497,502]",2,False
616,497;505,"[497,505]",2,False
617,497;691,"[497,691]",2,False
618,498,[498],1,False
619,499,[499],1,False
620,499;501,"[499,501]",2,False
621,500,[500],1,False
622,500;503,"[500,503]",2,False
623,500;504,"[500,504]",2,False
624,500;691,"[500,691]",2,False
625,501;503,"[501,503]",2,False
626,501;504,"[501,504]",2,False
627,501;505,"[501,505]",2,False
628,501;691,"[501,691]",2,False
629,502,[502],1,False
630,503,[503],1,False
631,504,[504],1,False
632,505,[505],1,False
633,506,[506],1,False
634,507,[507],1,False
635,508,[508],1,False
636,509,[509],1,False
637,510,[510],1,False
638,511,[511],1,False
639,512,[512],1,False
640,513,[513],1,False
641,514,[514],1,False
642,515,[515],1,False
643,515;967,"[515,967]",2,False
644,515;969,"[515,969]",2,False
645,516;967,"[516,967]",2,False
646,516;969,"[516,969]",2,False
647,517,[517],1,False
648,518,[518],1,False
649,519,[519],1,False
650,520,[520],1,False
651,521,[521],1,False
652,522,[522],1,False
653,523,[523],1,False
654,524,[524],1,False
655,525,[525],1,False
656,526,[526],1,False
657,527,[527],1,False
658,528,[528],1,False
659,529,[529],1,False
660,530,[530],1,False
661,531,[531],1,False
662,532,[532],1,False
663,533,[533],1,False
664,534,[534],1,False
665,535,[535],1,False
666,536,[536],1,False
667,537,[537],1,False
668,538,[538],1,False
669,539,[539],1,False
670,540,[540],1,False
671,541,[541],1,False
672,542,[542],1,False
673,543,[543],1,False
674,544,[544],1,False
675,545,[545],1,False
676,546,[546],1,False
677,546;615,"[546,615]",2,False
678,547,[547],1,False
679,548,[548],1,False
680,548;733,"[548,733]",2,False
681,549,[549],1,False
682,550,[550],1,False
683,551,[551],1,False
684,552,[552],1,False
685,553,[553],1,False
686,554,[554],1,False
687,555,[555],1,False
688,556,[556],1,False
689,557,[557],1,False
690,558,[558],1,False
691,559,[559],1,False
692,560,[560],1,False
693,560;561,"[560,561]",2,False
694,561,[561],1,False
695,562,[562],1,False
696,563,[563],1,False
697,564,[564],1,False
698,564;671,"[564,671]",2,False
699,565,[565],1,False
700,566,[566],1,False
701,567,[567],1,False
702,568,[568],1,False
703,568;663,"[568,663]",2,False
704,569,[569],1,False
705,570,[570],1,False
706,570;1150,"[570,1150]",2,False
707,571,[571],1,False
708,572,[572],1,False
709,573,[573],1,False
710,574,[574],1,False
711,575,[575],1,False
712,575;576,"[575,576]",2,False
713,576,[576],1,False
714,577,[577],1,False
715,578,[578],1,False
716,579,[579],1,False
717,580,[580],1,False
718,581,[581],1,False
719,582,[582],1,False
720,583,[583],1,False
721,584,[584],1,False
722,585,[585],1,False
723,586,[586],1,False
724,587,[587],1,False
725,588,[588],1,False
726,589,[589],1,False
727,590,[590],1,False
728,591,[591],1,False
729,592,[592],1,False
730,593,[593],1,False
731,594,[594],1,False
732,595,[595],1,False
733,596,[596],1,False
734,597,[597],1,False
735,598,[598],1,False
736,598;732,"[598,732]",2,False
737,598;733,"[598,733]",2,False
738,599,[599],1,False
739,600,[600],1,False
740,601,[601],1,False
741,603,[603],1,False
742,604,[604],1,False
743,605,[605],1,False
744,606,[606],1,False
745,607,[607],1,False
746,608,[608],1,False
747,609,[609],1,False
748,610,[610],1,False
749,611,[611],1,False
750,612,[612],1,False
751,613,[613],1,False
752,614,[614],1,False
753,615,[615],1,False
754,616,[616],1,False
755,617,[617],1,False
756,618,[618],1,False
757,619,[619],1,False
758,620,[620],1,False
759,621,[621],1,False
760,622,[622],1,False
761,623,[623],1,False
762,624,[624],1,False
763,625,[625],1,False
764,626,[626],1,False
765,627,[627],1,False
766,628,[628],1,False
767,629,[629],1,False
768,630,[630],1,False
769,631,[631],1,False
770,632,[632],1,False
771,633,[633],1,False
772,634,[634],1,False
773,635,[635],1,False
774,636,[636],1,False
775,637,[637],1,False
776,638,[638],1,False
777,639,[639],1,False
778,640,[640],1,False
779,641,[641],1,False
780,642,[642],1,False
781,643,[643],1,False
782,644,[644],1,False
783,645,[645],1,False
784,646,[646],1,False
785,647,[647],1,False
786,648,[648],1,False
787,649,[649],1,False
788,650,[650],1,False
789,651,[651],1,False
790,651;733,"[651,733]",2,False
791,651;734,"[651,734]",2,False
792,652,[652],1,False
793,652;732,"[652,732]",2,False
794,652;734,"[652,734]",2,False
795,653,[653],1,False
796,654,[654],1,False
797,655,[655],1,False
798,656,[656],1,False
799,657,[657],1,False
800,657;734,"[657,734]",2,False
801,658,[658],1,False
802,658;733,"[658,733]",2,False
803,659,[659],1,False
804,659;732,"[659,732]",2,False
805,659;734,"[659,734]",2,False
806,660,[660],1,False
807,661,[661],1,False
808,662,[662],1,False
809,663,[663],1,False
810,663;669,"[663,669]",2,False
811,664,[664],1,False
812,664;1018,"[664,1018]",2,False
813,665,[665],1,False
814,666,[666],1,False
815,667,[667],1,False
816,668,[668],1,False
817,669,[669],1,False
818,670,[670],1,False
819,671,[671],1,False
820,672,[672],1,False
821,673,[673],1,False
822,673;928,"[673,928]",2,False
823,674,[674],1,False
824,675,[675],1,False
825,676,[676],1,False
826,676;1181,"[676,1181]",2,False
827,677,[677],1,False
828,678,[678],1,False
829,679,[679],1,False
830,680,[680],1,False
831,680;1056,"[680,1056]",2,False
832,681,[681],1,False
833,682,[682],1,False
834,683,[683],1,False
835,684,[684],1,False
836,685,[685],1,False
837,686,[686],1,False
838,687,[687],1,False
839,688,[688],1,False
840,689,[689],1,False
841,690,[690],1,False
842,690;1056,"[690,1056]",2,False
843,691,[691],1,False
844,692,[692],1,False
845,693,[693],1,False
846,694,[694],1,False
847,695,[695],1,False
848,696,[696],1,False
849,697,[697],1,False
850,698,[698],1,False
851,699,[699],1,False
852,700,[700],1,False
853,700;980,"[700,980]",2,False
854,701,[701],1,False
855,702,[702],1,False
856,703,[703],1,False
857,704,[704],1,False
858,705,[705],1,False
859,706,[706],1,False
860,706;709,"[706,709]",2,False
861,707,[707],1,False
862,707;709,"[707,709]",2,False
863,707;985,"[707,985]",2,False
864,708,[708],1,False
865,708;985,"[708,985]",2,False
866,709,[709],1,False
867,709;983,"[709,983]",2,False
868,710,[710],1,False
869,711,[711],1,False
870,712,[712],1,False
871,713,[713],1,False
872,713;714,"[713,714]",2,False
873,714,[714],1,False
874,715,[715],1,False
875,715;1308,"[715,1308]",2,False
876,716,[716],1,False
877,717,[717],1,False
878,718,[718],1,False
879,719,[719],1,False
880,720,[720],1,False
881,721,[721],1,False
882,722,[722],1,False
883,723,[723],1,False
884,724,[724],1,False
885,725,[725],1,False
886,726,[726],1,False
887,727,[727],1,False
888,728,[728],1,False
889,729,[729],1,False
890,730,[730],1,False
891,731,[731],1,False
892,732,[732],1,False
893,734,[734],1,False
894,734;1201,"[734,1201]",2,False
895,735,[735],1,False
896,736,[736],1,False
897,737,[737],1,False
898,738,[738],1,False
899,739,[739],1,False
900,740,[740],1,False
901,741,[741],1,False
902,742,[742],1,False
903,743,[743],1,False
904,744,[744],1,False
905,745,[745],1,False
906,746,[746],1,False
907,747,[747],1,False
908,748,[748],1,False
909,749,[749],1,False
910,750,[750],1,False
911,751,[751],1,False
912,752,[752],1,False
913,753,[753],1,False
914,754,[754],1,False
915,755,[755],1,False
916,756,[756],1,False
917,757,[757],1,False
918,758,[758],1,False
919,759,[759],1,False
920,760,[760],1,False
921,761,[761],1,False
922,762,[762],1,False
923,763,[763],1,False
924,764,[764],1,False
925,764;766,"[764,766]",2,False
926,765,[765],1,False
927,766,[766],1,False
928,767,[767],1,False
929,768,[768],1,False
930,769,[769],1,False
931,770,[770],1,False
932,771,[771],1,False
933,772,[772],1,False
934,773,[773],1,False
935,774,[774],1,False
936,775,[775],1,False
937,776,[776],1,False
938,777,[777],1,False
939,777;778,"[777,778]",2,False
940,778,[778],1,False
941,779,[779],1,False
942,779;780,"[779,780]",2,False
943,780,[780],1,False
944,781,[781],1,False
945,781;782,"[781,782]",2,False
946,782,[782],1,False
947,783,[783],1,False
948,784,[784],1,False
949,785,[785],1,False
950,786,[786],1,False
951,787,[787],1,False
952,787;790,"[787,790]",2,False
953,788,[788],1,False
954,789,[789],1,False
955,790,[790],1,False
956,791,[791],1,False
957,791;792,"[791,792]",2,False
958,792,[792],1,False
959,793,[793],1,False
960,794,[794],1,False
961,795,[795],1,False
962,796,[796],1,False
963,797,[797],1,False
964,798,[798],1,False
965,799,[799],1,False
966,800,[800],1,False
967,801,[801],1,False
968,802,[802],1,False
969,803,[803],1,False
970,804,[804],1,False
971,804;811,"[804,811]",2,False
972,805,[805],1,False
973,806,[806],1,False
974,806;811,"[806,811]",2,False
975,807,[807],1,False
976,808,[808],1,False
977,809,[809],1,False
978,809;810,"[809,810]",2,False
979,810,[810],1,False
980,811,[811],1,False
981,812,[812],1,False
982,813,[813],1,False
983,813;884,"[813,884]",2,False
984,814,[814],1,False
985,815,[815],1,False
986,816,[816],1,False
987,817,[817],1,False
988,818,[818],1,False
989,819,[819],1,False
990,820,[820],1,False
991,821,[821],1,False
992,822,[822],1,False
993,823,[823],1,False
994,824,[824],1,False
995,825,[825],1,False
996,826,[826],1,False
997,827,[827],1,False
998,828,[828],1,False
999,829,[829],1,False
1000,830,[830],1,False
1001,831,[831],1,False
1002,832,[832],1,False
1003,832;837,"[832,837]",2,False
1004,833,[833],1,False
1005,833;848,"[833,848]",2,False
1006,834,[834],1,False
1007,835,[835],1,False
1008,836,[836],1,False
1009,837,[837],1,False
1010,838,[838],1,False
1011,839,[839],1,False
1012,840,[840],1,False
1013,841,[841],1,False
1014,842,[842],1,False
1015,843,[843],1,False
1016,844,[844],1,False
1017,845,[845],1,False
1018,846,[846],1,False
1019,847,[847],1,False
1020,848,[848],1,False
1021,849,[849],1,False
1022,850,[850],1,False
1023,851,[851],1,False
1024,852,[852],1,False
1025,853,[853],1,False
1026,854,[854],1,False
1027,854;855,"[854,855]",2,False
1028,855,[855],1,False
1029,856,[856],1,False
1030,856;863,"[856,863]",2,False
1031,857,[857],1,False
1032,858,[858],1,False
1033,859,[859],1,False
1034,860,[860],1,False
1035,861,[861],1,False
1036,862,[862],1,False
1037,863,[863],1,False
1038,864,[864],1,False
1039,865,[865],1,False
1040,865;1147,"[865,1147]",2,False
1041,866,[866],1,False
1042,867,[867],1,False
1043,868,[868],1,False
1044,869,[869],1,False
1045,870,[870],1,False
1046,871,[871],1,False
1047,872,[872],1,False
1048,873,[873],1,False
1049,874,[874],1,False
1050,875,[875],1,False
1051,876,[876],1,False
1052,877,[877],1,False
1053,878,[878],1,False
1054,879,[879],1,False
1055,879;1156,"[879,1156]",2,False
1056,879;1164,"[879,1164]",2,False
1057,880,[880],1,False
1058,881,[881],1,False
1059,882,[882],1,False
1060,883,[883],1,False
1061,884,[884],1,False
1062,885,[885],1,False
1063,886,[886],1,False
1064,887,[887],1,False
1065,888,[888],1,False
1066,889,[889],1,False
1067,890,[890],1,False
1068,891,[891],1,False
1069,892,[892],1,False
1070,893,[893],1,False
1071,894,[894],1,False
1072,895,[895],1,False
1073,896,[896],1,False
1074,897,[897],1,False
1075,898,[898],1,False
1076,899,[899],1,False
1077,900,[900],1,False
1078,901,[901],1,False
1079,902,[902],1,False
1080,903,[903],1,False
1081,904,[904],1,False
1082,905,[905],1,False
1083,906,[906],1,False
1084,907,[907],1,False
1085,908,[908],1,False
1086,909,[909],1,False
1087,910,[910],1,False
1088,911,[911],1,False
1089,912,[912],1,False
1090,913,[913],1,False
1091,914,[914],1,False
1092,915,[915],1,False
1093,916,[916],1,False
1094,917,[917],1,False
1095,918,[918],1,False
1096,918;988,"[918,988]",2,False
1097,919,[919],1,False
1098,920,[920],1,False
1099,921,[921],1,False
1100,922,[922],1,False
1101,923,[923],1,False
1102,924,[924],1,False
1103,925,[925],1,False
1104,926,[926],1,False
1105,927,[927],1,False
1106,928,[928],1,False
1107,929,[929],1,False
1108,930,[930],1,False
1109,931,[931],1,False
1110,932,[932],1,False
1111,933,[933],1,False
1112,934,[934],1,False
1113,935,[935],1,False
1114,936,[936],1,False
1115,937,[937],1,False
1116,938,[938],1,False
1117,939,[939],1,False
1118,940,[940],1,False
1119,941,[941],1,False
1120,942,[942],1,False
1121,943,[943],1,False
1122,944,[944],1,False
1123,945,[945],1,False
1124,946,[946],1,False
1125,947,[947],1,False
1126,948,[948],1,False
1127,949,[949],1,False
1128,950,[950],1,False
1129,951,[951],1,False
1130,952,[952],1,False
1131,953,[953],1,False
1132,954,[954],1,False
1133,955,[955],1,False
1134,956,[956],1,False
1135,957,[957],1,False
1136,958,[958],1,False
1137,959,[959],1,False
1138,960,[960],1,False
1139,961,[961],1,False
1140,962,[962],1,False
1141,963,[963],1,False
1142,964,[964],1,False
1143,965,[965],1,False
1144,966,[966],1,False
1145,967,[967],1,False
1146,968,[968],1,False
1147,969,[969],1,False
1148,970,[970],1,False
1149,971,[971],1,False
1150,972,[972],1,False
1151,973,[973],1,False
1152,974,[974],1,False
1153,975,[975],1,False
1154,976,[976],1,False
1155,977,[977],1,False
1156,978,[978],1,False
1157,979,[979],1,False
1158,980,[980],1,False
1159,981,[981],1,False
1160,982,[982],1,False
1161,983,[983],1,False
1162,984,[984],1,False
1163,984;985,"[984,985]",2,False
1164,985,[985],1,False
1165,986,[986],1,False
1166,986;1074,"[986,1074]",2,False
1167,987,[987],1,False
1168,987;1074,"[987,1074]",2,False
1169,988,[988],1,False
1170,989,[989],1,False
1171,990,[990],1,False
1172,991,[991],1,False
1173,992,[992],1,False
1174,993,[993],1,False
1175,994,[994],1,False
1176,994;1059,"[994,1059]",2,False
1177,995,[995],1,False
1178,996,[996],1,False
1179,997,[997],1,False
1180,998,[998],1,False
1181,999,[999],1,False
1182,1000,[1000],1,False
1183,1001,[1001],1,False
1184,1002,[1002],1,False
1185,1003,[1003],1,False
1186,1004,[1004],1,False
1187,1005,[1005],1,False
1188,1006,[1006],1,False
1189,1006;1007,"[1006,1007]",2,False
1190,1007,[1007],1,False
1191,1008,[1008],1,False
1192,1009,[1009],1,False
1193,1010,[1010],1,False
1194,1011,[1011],1,False
1195,1012,[1012],1,False
1196,1013,[1013],1,False
1197,1014,[1014],1,False
1198,1015,[1015],1,False
1199,1016,[1016],1,False
1200,1017,[1017],1,False
1201,1018,[1018],1,False
1202,1019,[1019],1,False
1203,1020,[1020],1,False
1204,1021,[1021],1,False
1205,1022,[1022],1,False
1206,1022;1023,"[1022,1023]",2,False
1207,1023,[1023],1,False
1208,1024,[1024],1,False
1209,1025,[1025],1,False
1210,1026,[1026],1,False
1211,1027,[1027],1,False
1212,1028,[1028],1,False
1213,1029,[1029],1,False
1214,1030,[1030],1,False
1215,1031,[1031],1,False
1216,1032,[1032],1,False
1217,1033,[1033],1,False
1218,1034,[1034],1,False
1219,1035,[1035],1,False
1220,1036,[1036],1,False
1221,1037,[1037],1,False
1222,1038,[1038],1,False
1223,1039,[1039],1,False
1224,1040,[1040],1,False
1225,1041,[1041],1,False
1226,1041;1043,"[1041,1043]",2,False
1227,1042,[1042],1,False
1228,1043,[1043],1,False
1229,1043;1180,"[1043,1180]",2,False
1230,1044,[1044],1,False
1231,1045,[1045],1,False
1232,1046,[1046],1,False
1233,1047,[1047],1,False
1234,1048,[1048],1,False
1235,1048;1277,"[1048,1277]",2,False
1236,1049,[1049],1,False
1237,1050,[1050],1,False
1238,1051,[1051],1,False
1239,1052,[1052],1,False
1240,1053,[1053],1,False
1241,1054,[1054],1,False
1242,1055,[1055],1,False
1243,1056,[1056],1,False
1244,1057,[1057],1,False
1245,1058,[1058],1,False
1246,1059,[1059],1,False
1247,1060,[1060],1,False
1248,1061,[1061],1,False
1249,1062,[1062],1,False
1250,1063,[1063],1,False
1251,1064,[1064],1,False
1252,1065,[1065],1,False
1253,1066,[1066],1,False
1254,1067,[1067],1,False
1255,1068,[1068],1,False
1256,1069,[1069],1,False
1257,1070,[1070],1,False
1258,1071,[1071],1,False
1259,1072,[1072],1,False
1260,1073,[1073],1,False
1261,1074,[1074],1,False
1262,1074;1268,"[1074,1268]",2,False
1263,1075,[1075],1,False
1264,1076,[1076],1,False
1265,1077,[1077],1,False
1266,1078,[1078],1,False
1267,1079,[1079],1,False
1268,1080,[1080],1,False
1269,1081,[1081],1,False
1270,1082,[1082],1,False
1271,1083,[1083],1,False
1272,1084,[1084],1,False
1273,1085,[1085],1,False
1274,1086,[1086],1,False
1275,1087,[1087],1,False
1276,1088,[1088],1,False
1277,1089,[1089],1,False
1278,1090,[1090],1,False
1279,1091,[1091],1,False
1280,1092,[1092],1,False
1281,1093,[1093],1,False
1282,1094,[1094],1,False
1283,1095,[1095],1,False
1284,1096,[1096],1,False
1285,1097,[1097],1,False
1286,1098,[1098],1,False
1287,1099,[1099],1,False
1288,1100,[1100],1,False
1289,1101,[1101],1,False
1290,1102,[1102],1,False
1291,1103,[1103],1,False
1292,1104,[1104],1,False
1293,1105,[1105],1,False
1294,1106,[1106],1,False
1295,1107,[1107],1,False
1296,1107;1116,"[1107,1116]",2,False
1297,1108,[1108],1,False
1298,1109,[1109],1,False
1299,1110,[1110],1,False
1300,1111,[1111],1,False
1301,1112,[1112],1,False
1302,1113,[1113],1,False
1303,1114,[1114],1,False
1304,1115,[1115],1,False
1305,1116,[1116],1,False
1306,1117,[1117],1,False
1307,1118,[1118],1,False
1308,1119,[1119],1,False
1309,1120,[1120],1,False
1310,1121,[1121],1,False
1311,1122,[1122],1,False
1312,1123,[1123],1,False
1313,1124,[1124],1,False
1314,1125,[1125],1,False
1315,1126,[1126],1,False
1316,1127,[1127],1,False
1317,1128,[1128],1,False
1318,1129,[1129],1,False
1319,1130,[1130],1,False
1320,1131,[1131],1,False
1321,1132,[1132],1,False
1322,1133,[1133],1,False
1323,1134,[1134],1,False
1324,1135,[1135],1,False
1325,1135;1239,"[1135,1239]",2,False
1326,1136,[1136],1,False
1327,1137,[1137],1,False
1328,1138,[1138],1,False
1329,1139,[1139],1,False
1330,1140,[1140],1,False
1331,1141,[1141],1,False
1332,1142,[1142],1,False
1333,1143,[1143],1,False
1334,1144,[1144],1,False
1335,1145,[1145],1,False
1336,1146,[1146],1,False
1337,1147,[1147],1,False
1338,1148,[1148],1,False
1339,1149,[1149],1,False
1340,1150,[1150],1,False
1341,1151,[1151],1,False
1342,1152,[1152],1,False
1343,1153,[1153],1,False
1344,1154,[1154],1,False
1345,1155,[1155],1,False
1346,1156,[1156],1,False
1347,1157,[1157],1,False
1348,1158,[1158],1,False
1349,1159,[1159],1,False
1350,1160,[1160],1,False
1351,1161,[1161],1,False
1352,1162,[1162],1,False
1353,1163,[1163],1,False
1354,1164,[1164],1,False
1355,1164;1322,"[1164,1322]",2,False
1356,1165,[1165],1,False
1357,1166,[1166],1,False
1358,1167,[1167],1,False
1359,1168,[1168],1,False
1360,1169,[1169],1,False
1361,1170,[1170],1,False
1362,1171,[1171],1,False
1363,1172,[1172],1,False
1364,1173,[1173],1,False
1365,1174,[1174],1,False
1366,1175,[1175],1,False
1367,1176,[1176],1,False
1368,1177,[1177],1,False
1369,1178,[1178],1,False
1370,1179,[1179],1,False
1371,1180,[1180],1,False
1372,1181,[1181],1,False
1373,1182,[1182],1,False
1374,1183,[1183],1,False
1375,1184,[1184],1,False
1376,1185,[1185],1,False
1377,1186,[1186],1,False
1378,1187,[1187],1,False
1379,1188,[1188],1,False
1380,1189,[1189],1,False
1381,1190,[1190],1,False
1382,1191,[1191],1,False
1383,1192,[1192],1,False
1384,1193,[1193],1,False
1385,1194,[1194],1,False
1386,1195,[1195],1,False
1387,1196,[1196],1,False
1388,1197,[1197],1,False
1389,1198,[1198],1,False
1390,1199,[1199],1,False
1391,1200,[1200],1,False
1392,1201,[1201],1,False
1393,1202,[1202],1,False
1394,1203,[1203],1,False
1395,1204,[1204],1,False
1396,1205,[1205],1,False
1397,1206,[1206],1,False
1398,1207,[1207],1,False
1399,1208,[1208],1,False
1400,1209,[1209],1,False
1401,1209;1275,"[1209,1275]",2,False
1402,1209;1283,"[1209,1283]",2,False
1403,1210,[1210],1,False
1404,1211,[1211],1,False
1405,1212,[1212],1,False
1406,1213,[1213],1,False
1407,1214,[1214],1,False
1408,1215,[1215],1,False
1409,1216,[1216],1,False
1410,1217,[1217],1,False
1411,1218,[1218],1,False
1412,1219,[1219],1,False
1413,1220,[1220],1,False
1414,1221,[1221],1,False
1415,1222,[1222],1,False
1416,1223,[1223],1,False
1417,1224,[1224],1,False
1418,1225,[1225],1,False
1419,1226,[1226],1,False
1420,1227,[1227],1,False
1421,1228,[1228],1,False
1422,1229,[1229],1,False
1423,1230,[1230],1,False
1424,1231,[1231],1,False
1425,1232,[1232],1,False
1426,1233,[1233],1,False
1427,1234,[1234],1,False
1428,1235,[1235],1,False
1429,1236,[1236],1,False
1430,1237,[1237],1,False
1431,1238,[1238],1,False
1432,1239,[1239],1,False
1433,1240,[1240],1,False
1434,1241,[1241],1,False
1435,1242,[1242],1,False
1436,1243,[1243],1,False
1437,1244,[1244],1,False
1438,1245,[1245],1,False
1439,1246,[1246],1,False
1440,1247,[1247],1,False
1441,1248,[1248],1,False
1442,1249,[1249],1,False
1443,1250,[1250],1,False
1444,1251,[1251],1,False
1445,1252,[1252],1,False
1446,1253,[1253],1,False
1447,1254,[1254],1,False
1448,1255,[1255],1,False
1449,1256,[1256],1,False
1450,1257,[1257],1,False
1451,1258,[1258],1,False
1452,1259,[1259],1,False
1453,1260,[1260],1,False
1454,1261,[1261],1,False
1455,1262,[1262],1,False
1456,1263,[1263],1,False
1457,1264,[1264],1,False
1458,1265,[1265],1,False
1459,1266,[1266],1,False
1460,1267,[1267],1,False
1461,1268,[1268],1,False
1462,1269,[1269],1,False
1463,1270,[1270],1,False
1464,1271,[1271],1,False
1465,1272,[1272],1,False
1466,1273,[1273],1,False
1467,1274,[1274],1,False
1468,1275,[1275],1,False
1469,1276,[1276],1,False
1470,1277,[1277],1,False
1471,1278,[1278],1,False
1472,1279,[1279],1,False
1473,1280,[1280],1,False
1474,1280;1281,"[1280,1281]",2,False
1475,1281,[1281],1,False
1476,1282,[1282],1,False
1477,1282;1292,"[1282,1292]",2,False
1478,1283,[1283],1,False
1479,1284,[1284],1,False
1480,1285,[1285],1,False
1481,1286,[1286],1,False
1482,1287,[1287],1,False
1483,1288,[1288],1,False
1484,1289,[1289],1,False
1485,1290,[1290],1,False
1486,1291,[1291],1,False
1487,1292,[1292],1,False
1488,1293,[1293],1,False
1489,1294,[1294],1,False
1490,1295,[1295],1,False
1491,1296,[1296],1,False
1492,1297,[1297],1,False
1493,1298,[1298],1,False
1494,1299,[1299],1,False
1495,1300,[1300],1,False
1496,1301,[1301],1,False
1497,1302,[1302],1,False
1498,1303,[1303],1,False
1499,1304,[1304],1,False
1500,1305,[1305],1,False
1501,1306,[1306],1,False
1502,1307,[1307],1,False
1503,1308,[1308],1,False
1504,1309,[1309],1,False
1505,1310,[1310],1,False
1506,1311,[1311],1,False
1507,1312,[1312],1,False
1508,1313,[1313],1,False
1509,1314,[1314],1,False
1510,1315,[1315],1,False
1511,1316,[1316],1,False
1512,1317,[1317],1,False
1513,1318,[1318],1,False
1514,1319,[1319],1,False
1515,1320,[1320],1,False
1516,1321,[1321],1,False
1517,1322,[1322],1,False
1518,1323,[1323],1,False
1519,1324,[1324],1,False
1520,1325,[1325],1,False
1521,1326,[1326],1,False
